id,track_id,event_type,description,user_notes,timestamp
1,CAT48_2075_3440,track_update,Updated 1 tracks from ASTERIX CAT-48,,2025-07-15T18:08:40.782010
2,CAT48_1123_3495,track_update,Updated 1 tracks from ASTERIX CAT-48,,2025-07-15T18:08:40.908463
3,CAT48_1571_0618,track_update,Updated 1 tracks from ASTERIX CAT-48,,2025-07-15T18:08:42.926946
4,CAT48_0715_1023,track_update,Updated 1 tracks from ASTERIX CAT-48,,2025-07-15T18:08:44.031156
5,CAT48_1198_1259,track_update,Updated 1 tracks from ASTERIX CAT-48,,2025-07-15T18:08:44.695737
6,CAT48_0491_2179,track_update,Updated 1 tracks from ASTERIX CAT-48,,2025-07-15T18:08:47.245480
7,CAT48_2328_2649,track_update,Updated 1 tracks from ASTERIX CAT-48,,2025-07-15T18:08:48.565104
8,CAT48_0762_2775,track_update,Updated 1 tracks from ASTERIX CAT-48,,2025-07-15T18:08:48.923643
9,CAT48_2078_3010,track_update,Updated 1 tracks from ASTERIX CAT-48,,2025-07-15T18:08:49.558355
10,CAT48_1453_3115,track_update,Updated 1 tracks from ASTERIX CAT-48,,2025-07-15T18:08:49.873601
11,CAT48_2069_3440,track_update,Updated 1 tracks from ASTERIX CAT-48,,2025-07-15T18:08:50.755098
12,CAT48_1118_3492,track_update,Updated 1 tracks from ASTERIX CAT-48,,2025-07-15T18:08:50.905541
13,CAT48_2032_0342,track_update,Updated 1 tracks from ASTERIX CAT-48,,2025-07-15T18:08:52.166322
14,CAT48_35068,track_update,Updated 1 tracks from ASTERIX CAT-48,,2025-07-15T18:08:52.181540
15,CAT48_1574_0618,track_update,Updated 1 tracks from ASTERIX CAT-48,,2025-07-15T18:08:52.919893
16,CAT48_2223_0845,track_update,Updated 1 tracks from ASTERIX CAT-48,,2025-07-15T18:08:53.550334
17,CAT48_0728_1028,track_update,Updated 1 tracks from ASTERIX CAT-48,,2025-07-15T18:08:54.060770
18,CAT48_0486_2178,track_update,Updated 1 tracks from ASTERIX CAT-48,,2025-07-15T18:08:57.267888
19,CAT48_0775_2776,track_update,Updated 1 tracks from ASTERIX CAT-48,,2025-07-15T18:08:58.922280
20,CAT48_2087_3011,track_update,Updated 1 tracks from ASTERIX CAT-48,,2025-07-15T18:08:59.583717
21,CAT48_1460_3118,track_update,Updated 1 tracks from ASTERIX CAT-48,,2025-07-15T18:08:59.882697
22,CAT48_2064_3440,track_update,Updated 1 tracks from ASTERIX CAT-48,,2025-07-15T18:09:00.782583
23,CAT48_1113_3489,track_update,Updated 1 tracks from ASTERIX CAT-48,,2025-07-15T18:09:00.902992
24,CAT48_1576_0619,track_update,Updated 1 tracks from ASTERIX CAT-48,,2025-07-15T18:09:02.953620
25,CAT48_2215_0845,track_update,Updated 1 tracks from ASTERIX CAT-48,,2025-07-15T18:09:03.545985
26,CAT48_0742_1033,track_update,Updated 1 tracks from ASTERIX CAT-48,,2025-07-15T18:09:04.084434
27,CAT48_1216_1265,track_update,Updated 1 tracks from ASTERIX CAT-48,,2025-07-15T18:09:04.719032
28,CAT48_0480_2177,track_update,Updated 1 tracks from ASTERIX CAT-48,,2025-07-15T18:09:07.281059
29,CAT48_0789_2776,track_update,Updated 1 tracks from ASTERIX CAT-48,,2025-07-15T18:09:08.922100
30,CAT48_2095_3013,track_update,Updated 1 tracks from ASTERIX CAT-48,,2025-07-15T18:09:09.595088
31,CAT48_1467_3122,track_update,Updated 1 tracks from ASTERIX CAT-48,,2025-07-15T18:09:09.879591
32,CAT48_2058_3440,track_update,Updated 1 tracks from ASTERIX CAT-48,,2025-07-15T18:09:10.787691
33,CAT48_1108_3485,track_update,Updated 1 tracks from ASTERIX CAT-48,,2025-07-15T18:09:10.901110
34,CAT48_2011_0344,track_update,Updated 1 tracks from ASTERIX CAT-48,,2025-07-15T18:09:12.170647
35,CAT48_1579_0619,track_update,Updated 1 tracks from ASTERIX CAT-48,,2025-07-15T18:09:12.952425
36,CAT48_2207_0845,track_update,Updated 1 tracks from ASTERIX CAT-48,,2025-07-15T18:09:13.581764
37,CAT48_0756_1038,track_update,Updated 1 tracks from ASTERIX CAT-48,,2025-07-15T18:09:14.125661
38,CAT48_1225_1268,track_update,Updated 1 tracks from ASTERIX CAT-48,,2025-07-15T18:09:14.758021
39,CAT48_0475_2176,track_update,Updated 1 tracks from ASTERIX CAT-48,,2025-07-15T18:09:17.266299
40,CAT48_0803_2777,track_update,Updated 1 tracks from ASTERIX CAT-48,,2025-07-15T18:09:18.956485
41,CAT48_2104_3014,track_update,Updated 1 tracks from ASTERIX CAT-48,,2025-07-15T18:09:19.609520
42,CAT48_1474_3125,track_update,Updated 1 tracks from ASTERIX CAT-48,,2025-07-15T18:09:19.916597
43,CAT48_2053_3440,track_update,Updated 1 tracks from ASTERIX CAT-48,,2025-07-15T18:09:20.780677
44,CAT48_1104_3481,track_update,Updated 1 tracks from ASTERIX CAT-48,,2025-07-15T18:09:20.902093
45,CAT48_2000_0345,track_update,Updated 1 tracks from ASTERIX CAT-48,,2025-07-15T18:09:22.193246
46,CAT48_1582_0619,track_update,Updated 1 tracks from ASTERIX CAT-48,,2025-07-15T18:09:22.948766
47,CAT48_2198_0845,track_update,Updated 1 tracks from ASTERIX CAT-48,,2025-07-15T18:09:23.575924
48,CAT48_0770_1043,track_update,Updated 1 tracks from ASTERIX CAT-48,,2025-07-15T18:09:24.123065
49,CAT48_1235_1271,track_update,Updated 1 tracks from ASTERIX CAT-48,,2025-07-15T18:09:24.781876
50,CAT48_0469_2175,track_update,Updated 1 tracks from ASTERIX CAT-48,,2025-07-15T18:09:27.277074
51,CAT48_0817_2777,track_update,Updated 1 tracks from ASTERIX CAT-48,,2025-07-15T18:09:28.948001
52,CAT48_2112_3015,track_update,Updated 1 tracks from ASTERIX CAT-48,,2025-07-15T18:09:29.615652
53,CAT48_1481_3128,track_update,Updated 1 tracks from ASTERIX CAT-48,,2025-07-15T18:09:29.946336
54,CAT48_2047_3440,track_update,Updated 1 tracks from ASTERIX CAT-48,,2025-07-15T18:09:30.790665
55,CAT48_1099_3478,track_update,Updated 1 tracks from ASTERIX CAT-48,,2025-07-15T18:09:30.902528
56,CAT48_1989_0346,track_update,Updated 1 tracks from ASTERIX CAT-48,,2025-07-15T18:09:32.198182
57,CAT48_1584_0620,track_update,Updated 1 tracks from ASTERIX CAT-48,,2025-07-15T18:09:32.973114
58,CAT48_2190_0845,track_update,Updated 1 tracks from ASTERIX CAT-48,,2025-07-15T18:09:33.576592
59,CAT48_0784_1047,track_update,Updated 1 tracks from ASTERIX CAT-48,,2025-07-15T18:09:34.154309
60,CAT48_1244_1274,track_update,Updated 1 tracks from ASTERIX CAT-48,,2025-07-15T18:09:34.785418
61,CAT48_0464_2173,track_update,Updated 1 tracks from ASTERIX CAT-48,,2025-07-15T18:09:37.303911
62,CAT48_0831_2778,track_update,Updated 1 tracks from ASTERIX CAT-48,,2025-07-15T18:09:38.983464
63,CAT48_2121_3016,track_update,Updated 1 tracks from ASTERIX CAT-48,,2025-07-15T18:09:39.640926
64,CAT48_1489_3131,track_update,Updated 1 tracks from ASTERIX CAT-48,,2025-07-15T18:09:39.945878
65,CAT48_2042_3440,track_update,Updated 1 tracks from ASTERIX CAT-48,,2025-07-15T18:09:40.811208
66,CAT48_1094_3474,track_update,Updated 1 tracks from ASTERIX CAT-48,,2025-07-15T18:09:40.900782
67,CAT48_1979_0347,track_update,Updated 1 tracks from ASTERIX CAT-48,,2025-07-15T18:09:42.229886
68,CAT48_1587_0620,track_update,Updated 1 tracks from ASTERIX CAT-48,,2025-07-15T18:09:42.981565
69,CAT48_2182_0845,track_update,Updated 1 tracks from ASTERIX CAT-48,,2025-07-15T18:09:43.604659
70,CAT48_0798_1052,track_update,Updated 1 tracks from ASTERIX CAT-48,,2025-07-15T18:09:44.182430
71,CAT48_1253_1277,track_update,Updated 1 tracks from ASTERIX CAT-48,,2025-07-15T18:09:44.804897
72,CAT48_0459_2172,track_update,Updated 1 tracks from ASTERIX CAT-48,,2025-07-15T18:09:47.296910
73,CAT48_0845_2778,track_update,Updated 1 tracks from ASTERIX CAT-48,,2025-07-15T18:09:48.983366
74,CAT48_2129_3018,track_update,Updated 1 tracks from ASTERIX CAT-48,,2025-07-15T18:09:49.639603
75,CAT48_1496_3135,track_update,Updated 1 tracks from ASTERIX CAT-48,,2025-07-15T18:09:49.968012
76,CAT48_2036_3439,track_update,Updated 1 tracks from ASTERIX CAT-48,,2025-07-15T18:09:50.808814
77,CAT48_1089_3471,track_update,Updated 1 tracks from ASTERIX CAT-48,,2025-07-15T18:09:50.899294
78,CAT48_1968_0347,track_update,Updated 1 tracks from ASTERIX CAT-48,,2025-07-15T18:09:52.222304
79,CAT48_1590_0620,track_update,Updated 1 tracks from ASTERIX CAT-48,,2025-07-15T18:09:52.973721
80,CAT48_2173_0845,track_update,Updated 1 tracks from ASTERIX CAT-48,,2025-07-15T18:09:53.602671
81,CAT48_0812_1056,track_update,Updated 1 tracks from ASTERIX CAT-48,,2025-07-15T18:09:54.210039
82,CAT48_1262_1280,track_update,Updated 1 tracks from ASTERIX CAT-48,,2025-07-15T18:09:54.806517
83,CAT48_0453_2171,track_update,Updated 1 tracks from ASTERIX CAT-48,,2025-07-15T18:09:57.296119
84,CAT48_0858_2779,track_update,Updated 1 tracks from ASTERIX CAT-48,,2025-07-15T18:09:58.977709
85,CAT48_2138_3019,track_update,Updated 1 tracks from ASTERIX CAT-48,,2025-07-15T18:09:59.644928
86,CAT48_1503_3138,track_update,Updated 1 tracks from ASTERIX CAT-48,,2025-07-15T18:09:59.998268
87,CAT48_2031_3439,track_update,Updated 1 tracks from ASTERIX CAT-48,,2025-07-15T18:10:00.810001
88,CAT48_1085_3467,track_update,Updated 1 tracks from ASTERIX CAT-48,,2025-07-15T18:10:00.895276
89,CAT48_1957_0348,track_update,Updated 1 tracks from ASTERIX CAT-48,,2025-07-15T18:10:02.256604
90,CAT48_1592_0620,track_update,Updated 1 tracks from ASTERIX CAT-48,,2025-07-15T18:10:03.000541
91,CAT48_2165_0845,track_update,Updated 1 tracks from ASTERIX CAT-48,,2025-07-15T18:10:03.611287
92,CAT48_0826_1060,track_update,Updated 1 tracks from ASTERIX CAT-48,,2025-07-15T18:10:04.210554
93,CAT48_1272_1282,track_update,Updated 1 tracks from ASTERIX CAT-48,,2025-07-15T18:10:04.831195
94,CAT48_0448_2169,track_update,Updated 1 tracks from ASTERIX CAT-48,,2025-07-15T18:10:07.300776
95,CAT48_0873_2779,track_update,Updated 1 tracks from ASTERIX CAT-48,,2025-07-15T18:10:09.003734
96,CAT48_2146_3020,track_update,Updated 1 tracks from ASTERIX CAT-48,,2025-07-15T18:10:09.672719
97,CAT48_1511_3141,track_update,Updated 1 tracks from ASTERIX CAT-48,,2025-07-15T18:10:09.996712
98,CAT48_2025_3439,track_update,Updated 1 tracks from ASTERIX CAT-48,,2025-07-15T18:10:10.837065
99,CAT48_1080_3463,track_update,Updated 1 tracks from ASTERIX CAT-48,,2025-07-15T18:10:10.896811
100,CAT48_1947_0349,track_update,Updated 1 tracks from ASTERIX CAT-48,,2025-07-15T18:10:12.247828
101,CAT48_1595_0621,track_update,Updated 1 tracks from ASTERIX CAT-48,,2025-07-15T18:10:12.999225
102,CAT48_2157_0845,track_update,Updated 1 tracks from ASTERIX CAT-48,,2025-07-15T18:10:13.638542
103,CAT48_0840_1064,track_update,Updated 1 tracks from ASTERIX CAT-48,,2025-07-15T18:10:14.239119
104,CAT48_1281_1285,track_update,Updated 1 tracks from ASTERIX CAT-48,,2025-07-15T18:10:14.871435
105,CAT48_0442_2168,track_update,Updated 1 tracks from ASTERIX CAT-48,,2025-07-15T18:10:17.300504
106,CAT48_0886_2779,track_update,Updated 1 tracks from ASTERIX CAT-48,,2025-07-15T18:10:19.012651
107,CAT48_2155_3021,track_update,Updated 1 tracks from ASTERIX CAT-48,,2025-07-15T18:10:19.672847
108,CAT48_1518_3144,track_update,Updated 1 tracks from ASTERIX CAT-48,,2025-07-15T18:10:20.026786
109,CAT48_2020_3439,track_update,Updated 1 tracks from ASTERIX CAT-48,,2025-07-15T18:10:20.839231
110,CAT48_1075_3460,track_update,Updated 1 tracks from ASTERIX CAT-48,,2025-07-15T18:10:20.896810
111,CAT48_1936_0350,track_update,Updated 1 tracks from ASTERIX CAT-48,,2025-07-15T18:10:22.250111
112,CAT48_2148_0845,track_update,Updated 1 tracks from ASTERIX CAT-48,,2025-07-15T18:10:23.631857
113,CAT48_0855_1068,track_update,Updated 1 tracks from ASTERIX CAT-48,,2025-07-15T18:10:24.261073
114,CAT48_1291_1288,track_update,Updated 1 tracks from ASTERIX CAT-48,,2025-07-15T18:10:24.861794
115,CAT48_0437_2166,track_update,Updated 1 tracks from ASTERIX CAT-48,,2025-07-15T18:10:27.322242
116,CAT48_0900_2780,track_update,Updated 1 tracks from ASTERIX CAT-48,,2025-07-15T18:10:29.005080
117,CAT48_1526_3147,track_update,Updated 1 tracks from ASTERIX CAT-48,,2025-07-15T18:10:30.025477
118,CAT48_2014_3439,track_update,Updated 1 tracks from ASTERIX CAT-48,,2025-07-15T18:10:30.834007
119,CAT48_1071_3456,track_update,Updated 1 tracks from ASTERIX CAT-48,,2025-07-15T18:10:30.895625
120,CAT48_1925_0351,track_update,Updated 1 tracks from ASTERIX CAT-48,,2025-07-15T18:10:32.283883
121,CAT48_1600_0621,track_update,Updated 1 tracks from ASTERIX CAT-48,,2025-07-15T18:10:33.033044
122,CAT48_2140_0845,track_update,Updated 1 tracks from ASTERIX CAT-48,,2025-07-15T18:10:33.637992
123,CAT48_0869_1072,track_update,Updated 1 tracks from ASTERIX CAT-48,,2025-07-15T18:10:34.260175
124,CAT48_1300_1290,track_update,Updated 1 tracks from ASTERIX CAT-48,,2025-07-15T18:10:34.887561
125,CAT48_0432_2165,track_update,Updated 1 tracks from ASTERIX CAT-48,,2025-07-15T18:10:37.329103
126,CAT48_0914_2780,track_update,Updated 1 tracks from ASTERIX CAT-48,,2025-07-15T18:10:39.032707
127,CAT48_2172_3024,track_update,Updated 1 tracks from ASTERIX CAT-48,,2025-07-15T18:10:39.701655
128,CAT48_1533_3150,track_update,Updated 1 tracks from ASTERIX CAT-48,,2025-07-15T18:10:40.063885
129,CAT48_2009_3439,track_update,Updated 1 tracks from ASTERIX CAT-48,,2025-07-15T18:10:40.864062
130,CAT48_1066_3452,track_update,Updated 1 tracks from ASTERIX CAT-48,,2025-07-15T18:10:40.900231
131,CAT48_1915_0352,track_update,Updated 1 tracks from ASTERIX CAT-48,,2025-07-15T18:10:42.275417
132,CAT48_1603_0622,track_update,Updated 1 tracks from ASTERIX CAT-48,,2025-07-15T18:10:43.035318
133,CAT48_2132_0845,track_update,Updated 1 tracks from ASTERIX CAT-48,,2025-07-15T18:10:43.662167
134,CAT48_0883_1076,track_update,Updated 1 tracks from ASTERIX CAT-48,,2025-07-15T18:10:44.287872
135,CAT48_1309_1293,track_update,Updated 1 tracks from ASTERIX CAT-48,,2025-07-15T18:10:44.893016
136,CAT48_0426_2163,track_update,Updated 1 tracks from ASTERIX CAT-48,,2025-07-15T18:10:47.327483
137,CAT48_0928_2781,track_update,Updated 1 tracks from ASTERIX CAT-48,,2025-07-15T18:10:49.036217
138,CAT48_2180_3025,track_update,Updated 1 tracks from ASTERIX CAT-48,,2025-07-15T18:10:49.725584
139,CAT48_1541_3153,track_update,Updated 1 tracks from ASTERIX CAT-48,,2025-07-15T18:10:50.081474
140,CAT48_2003_3439,track_update,Updated 1 tracks from ASTERIX CAT-48,,2025-07-15T18:10:50.865422
141,CAT48_1062_3448,track_update,Updated 1 tracks from ASTERIX CAT-48,,2025-07-15T18:10:50.893978
142,CAT48_1904_0353,track_update,Updated 1 tracks from ASTERIX CAT-48,,2025-07-15T18:10:52.302449
143,CAT48_1606_0622,track_update,Updated 1 tracks from ASTERIX CAT-48,,2025-07-15T18:10:53.057291
144,CAT48_2123_0845,track_update,Updated 1 tracks from ASTERIX CAT-48,,2025-07-15T18:10:53.665208
145,CAT48_0897_1079,track_update,Updated 1 tracks from ASTERIX CAT-48,,2025-07-15T18:10:54.316971
146,CAT48_1319_1296,track_update,Updated 1 tracks from ASTERIX CAT-48,,2025-07-15T18:10:54.919073
147,CAT48_0421_2162,track_update,Updated 1 tracks from ASTERIX CAT-48,,2025-07-15T18:10:57.317137
148,CAT48_0942_2781,track_update,Updated 1 tracks from ASTERIX CAT-48,,2025-07-15T18:10:59.030444
149,CAT48_2189_3026,track_update,Updated 1 tracks from ASTERIX CAT-48,,2025-07-15T18:10:59.722735
150,CAT48_1548_3156,track_update,Updated 1 tracks from ASTERIX CAT-48,,2025-07-15T18:11:00.081739
151,CAT48_1997_3438,track_update,Updated 1 tracks from ASTERIX CAT-48,,2025-07-15T18:11:00.864967
152,CAT48_1058_3444,track_update,Updated 1 tracks from ASTERIX CAT-48,,2025-07-15T18:11:00.895585
153,CAT48_1893_0354,track_update,Updated 1 tracks from ASTERIX CAT-48,,2025-07-15T18:11:02.312000
154,CAT48_1608_0622,track_update,Updated 1 tracks from ASTERIX CAT-48,,2025-07-15T18:11:03.054421
155,CAT48_1328_1298,track_update,Updated 1 tracks from ASTERIX CAT-48,,2025-07-15T18:11:04.914859
156,CAT48_0415_2160,track_update,Updated 1 tracks from ASTERIX CAT-48,,2025-07-15T18:11:07.325988
157,CAT48_0956_2781,track_update,Updated 1 tracks from ASTERIX CAT-48,,2025-07-15T18:11:09.058140
158,CAT48_2197_3027,track_update,Updated 1 tracks from ASTERIX CAT-48,,2025-07-15T18:11:09.747250
159,CAT48_1556_3159,track_update,Updated 1 tracks from ASTERIX CAT-48,,2025-07-15T18:11:10.114491
160,CAT48_1992_3438,track_update,Updated 1 tracks from ASTERIX CAT-48,,2025-07-15T18:11:10.890390
161,CAT48_1053_3440,track_update,Updated 1 tracks from ASTERIX CAT-48,,2025-07-15T18:11:10.908007
162,CAT48_1883_0355,track_update,Updated 1 tracks from ASTERIX CAT-48,,2025-07-15T18:11:12.300201
163,CAT48_1611_0622,track_update,Updated 1 tracks from ASTERIX CAT-48,,2025-07-15T18:11:13.057130
164,CAT48_2107_0845,track_update,Updated 1 tracks from ASTERIX CAT-48,,2025-07-15T18:11:13.681398
165,CAT48_0926_1086,track_update,Updated 1 tracks from ASTERIX CAT-48,,2025-07-15T18:11:14.350748
166,CAT48_1338_1301,track_update,Updated 1 tracks from ASTERIX CAT-48,,2025-07-15T18:11:14.951399
167,CAT48_0410_2158,track_update,Updated 1 tracks from ASTERIX CAT-48,,2025-07-15T18:11:17.314802
168,CAT48_0970_2782,track_update,Updated 1 tracks from ASTERIX CAT-48,,2025-07-15T18:11:19.064555
169,CAT48_2206_3028,track_update,Updated 1 tracks from ASTERIX CAT-48,,2025-07-15T18:11:19.745820
170,CAT48_1564_3162,track_update,Updated 1 tracks from ASTERIX CAT-48,,2025-07-15T18:11:20.114425
171,CAT48_1049_3437,track_update,Updated 1 tracks from ASTERIX CAT-48,,2025-07-15T18:11:20.889910
172,CAT48_1986_3438,track_update,Updated 1 tracks from ASTERIX CAT-48,,2025-07-15T18:11:20.907256
173,CAT48_1872_0356,track_update,Updated 1 tracks from ASTERIX CAT-48,,2025-07-15T18:11:22.337023
174,CAT48_1614_0623,track_update,Updated 1 tracks from ASTERIX CAT-48,,2025-07-15T18:11:23.086745
175,CAT48_2098_0845,track_update,Updated 1 tracks from ASTERIX CAT-48,,2025-07-15T18:11:23.689176
176,CAT48_0940_1089,track_update,Updated 1 tracks from ASTERIX CAT-48,,2025-07-15T18:11:24.370834
177,CAT48_1347_1303,track_update,Updated 1 tracks from ASTERIX CAT-48,,2025-07-15T18:11:24.974735
178,CAT48_0405_2157,track_update,Updated 1 tracks from ASTERIX CAT-48,,2025-07-15T18:11:27.343041
179,CAT48_0983_2782,track_update,Updated 1 tracks from ASTERIX CAT-48,,2025-07-15T18:11:29.091602
180,CAT48_2215_3030,track_update,Updated 1 tracks from ASTERIX CAT-48,,2025-07-15T18:11:29.752992
181,CAT48_1572_3165,track_update,Updated 1 tracks from ASTERIX CAT-48,,2025-07-15T18:11:30.137582
182,CAT48_1045_3433,track_update,Updated 1 tracks from ASTERIX CAT-48,,2025-07-15T18:11:30.887747
183,CAT48_1981_3438,track_update,Updated 1 tracks from ASTERIX CAT-48,,2025-07-15T18:11:30.906466
184,CAT48_1862_0357,track_update,Updated 1 tracks from ASTERIX CAT-48,,2025-07-15T18:11:32.337616
185,CAT48_1616_0623,track_update,Updated 1 tracks from ASTERIX CAT-48,,2025-07-15T18:11:33.079341
186,CAT48_2090_0845,track_update,Updated 1 tracks from ASTERIX CAT-48,,2025-07-15T18:11:33.689260
187,CAT48_0955_1092,track_update,Updated 1 tracks from ASTERIX CAT-48,,2025-07-15T18:11:34.373289
188,CAT48_1357_1305,track_update,Updated 1 tracks from ASTERIX CAT-48,,2025-07-15T18:11:34.973827
189,CAT48_0399_2155,track_update,Updated 1 tracks from ASTERIX CAT-48,,2025-07-15T18:11:37.350392
190,CAT48_0997_2782,track_update,Updated 1 tracks from ASTERIX CAT-48,,2025-07-15T18:11:39.084314
191,CAT48_2223_3031,track_update,Updated 1 tracks from ASTERIX CAT-48,,2025-07-15T18:11:39.776139
192,CAT48_1579_3168,track_update,Updated 1 tracks from ASTERIX CAT-48,,2025-07-15T18:11:40.173794
193,CAT48_1040_3429,track_update,Updated 1 tracks from ASTERIX CAT-48,,2025-07-15T18:11:40.888907
194,CAT48_1851_0358,track_update,Updated 1 tracks from ASTERIX CAT-48,,2025-07-15T18:11:42.363162
195,CAT48_1619_0623,track_update,Updated 1 tracks from ASTERIX CAT-48,,2025-07-15T18:11:43.087105
196,CAT48_2082_0845,track_update,Updated 1 tracks from ASTERIX CAT-48,,2025-07-15T18:11:43.714500
197,CAT48_0969_1095,track_update,Updated 1 tracks from ASTERIX CAT-48,,2025-07-15T18:11:44.407197
198,CAT48_1367_1308,track_update,Updated 1 tracks from ASTERIX CAT-48,,2025-07-15T18:11:45.000123
199,CAT48_0394_2153,track_update,Updated 1 tracks from ASTERIX CAT-48,,2025-07-15T18:11:47.348059
200,CAT48_1011_2783,track_update,Updated 1 tracks from ASTERIX CAT-48,,2025-07-15T18:11:49.092079
201,CAT48_2232_3032,track_update,Updated 1 tracks from ASTERIX CAT-48,,2025-07-15T18:11:49.782426
202,CAT48_1587_3171,track_update,Updated 1 tracks from ASTERIX CAT-48,,2025-07-15T18:11:50.164241
203,CAT48_1036_3425,track_update,Updated 1 tracks from ASTERIX CAT-48,,2025-07-15T18:11:50.893879
204,CAT48_1970_3438,track_update,Updated 1 tracks from ASTERIX CAT-48,,2025-07-15T18:11:50.915560
205,CAT48_1840_0359,track_update,Updated 1 tracks from ASTERIX CAT-48,,2025-07-15T18:11:52.364506
206,CAT48_1622_0624,track_update,Updated 1 tracks from ASTERIX CAT-48,,2025-07-15T18:11:53.107801
207,CAT48_2073_0845,track_update,Updated 1 tracks from ASTERIX CAT-48,,2025-07-15T18:11:53.716459
208,CAT48_0984_1098,track_update,Updated 1 tracks from ASTERIX CAT-48,,2025-07-15T18:11:54.429741
209,CAT48_1376_1310,track_update,Updated 1 tracks from ASTERIX CAT-48,,2025-07-15T18:11:55.001209
210,CAT48_0389_2151,track_update,Updated 1 tracks from ASTERIX CAT-48,,2025-07-15T18:11:57.342758
211,CAT48_03969,track_update,Updated 1 tracks from ASTERIX CAT-48,,2025-07-15T18:11:57.841532
212,CAT48_1025_2783,track_update,Updated 1 tracks from ASTERIX CAT-48,,2025-07-15T18:11:59.112181
213,CAT48_1595_3174,track_update,Updated 1 tracks from ASTERIX CAT-48,,2025-07-15T18:12:00.193789
214,CAT48_1032_3421,track_update,Updated 1 tracks from ASTERIX CAT-48,,2025-07-15T18:12:00.881675
215,CAT48_1964_3438,track_update,Updated 1 tracks from ASTERIX CAT-48,,2025-07-15T18:12:00.916232
216,CAT48_1830_0360,track_update,Updated 1 tracks from ASTERIX CAT-48,,2025-07-15T18:12:02.395499
217,CAT48_1625_0624,track_update,Updated 1 tracks from ASTERIX CAT-48,,2025-07-15T18:12:03.105796
218,CAT48_2065_0845,track_update,Updated 1 tracks from ASTERIX CAT-48,,2025-07-15T18:12:03.713938
219,CAT48_0998_1101,track_update,Updated 1 tracks from ASTERIX CAT-48,,2025-07-15T18:12:04.428442
220,CAT48_1386_1313,track_update,Updated 1 tracks from ASTERIX CAT-48,,2025-07-15T18:12:05.034942
221,CAT48_2230_1776,track_update,Updated 1 tracks from ASTERIX CAT-48,,2025-07-15T18:12:06.319613
222,CAT48_0383_2149,track_update,Updated 1 tracks from ASTERIX CAT-48,,2025-07-15T18:12:07.341997
223,CAT48_1039_2783,track_update,Updated 1 tracks from ASTERIX CAT-48,,2025-07-15T18:12:09.112153
224,CAT48_1603_3177,track_update,Updated 1 tracks from ASTERIX CAT-48,,2025-07-15T18:12:10.191620
225,CAT48_1028_3416,track_update,Updated 1 tracks from ASTERIX CAT-48,,2025-07-15T18:12:10.883449
226,CAT48_1959_3437,track_update,Updated 1 tracks from ASTERIX CAT-48,,2025-07-15T18:12:10.957674
227,CAT48_1819_0361,track_update,Updated 1 tracks from ASTERIX CAT-48,,2025-07-15T18:12:12.383652
228,CAT48_1627_0624,track_update,Updated 1 tracks from ASTERIX CAT-48,,2025-07-15T18:12:13.106012
229,CAT48_2057_0845,track_update,Updated 1 tracks from ASTERIX CAT-48,,2025-07-15T18:12:13.735363
230,CAT48_1013_1103,track_update,Updated 1 tracks from ASTERIX CAT-48,,2025-07-15T18:12:14.471439
231,CAT48_1395_1315,track_update,Updated 1 tracks from ASTERIX CAT-48,,2025-07-15T18:12:15.031517
232,CAT48_2221_1777,track_update,Updated 1 tracks from ASTERIX CAT-48,,2025-07-15T18:12:16.334736
233,CAT48_0378_2147,track_update,Updated 1 tracks from ASTERIX CAT-48,,2025-07-15T18:12:17.349843
234,CAT48_1053_2783,track_update,Updated 1 tracks from ASTERIX CAT-48,,2025-07-15T18:12:19.124005
235,CAT48_1611_3179,track_update,Updated 1 tracks from ASTERIX CAT-48,,2025-07-15T18:12:20.227211
236,CAT48_1024_3412,track_update,Updated 1 tracks from ASTERIX CAT-48,,2025-07-15T18:12:20.890058
237,CAT48_1953_3437,track_update,Updated 1 tracks from ASTERIX CAT-48,,2025-07-15T18:12:20.943825
238,CAT48_1809_0362,track_update,Updated 1 tracks from ASTERIX CAT-48,,2025-07-15T18:12:22.386484
239,CAT48_1630_0624,track_update,Updated 1 tracks from ASTERIX CAT-48,,2025-07-15T18:12:23.144311
240,CAT48_2048_0845,track_update,Updated 1 tracks from ASTERIX CAT-48,,2025-07-15T18:12:23.745102
241,CAT48_1027_1106,track_update,Updated 1 tracks from ASTERIX CAT-48,,2025-07-15T18:12:24.458169
242,CAT48_1405_1317,track_update,Updated 1 tracks from ASTERIX CAT-48,,2025-07-15T18:12:25.063519
243,CAT48_2212_1778,track_update,Updated 1 tracks from ASTERIX CAT-48,,2025-07-15T18:12:26.354984
244,CAT48_0372_2145,track_update,Updated 1 tracks from ASTERIX CAT-48,,2025-07-15T18:12:27.366969
245,CAT48_1067_2784,track_update,Updated 1 tracks from ASTERIX CAT-48,,2025-07-15T18:12:29.146649
246,CAT48_1619_3182,track_update,Updated 1 tracks from ASTERIX CAT-48,,2025-07-15T18:12:30.251105
247,CAT48_1020_3408,track_update,Updated 1 tracks from ASTERIX CAT-48,,2025-07-15T18:12:30.883687
248,CAT48_1948_3437,track_update,Updated 1 tracks from ASTERIX CAT-48,,2025-07-15T18:12:30.953304
249,CAT48_1798_0363,track_update,Updated 1 tracks from ASTERIX CAT-48,,2025-07-15T18:12:32.413610
250,CAT48_1633_0625,track_update,Updated 1 tracks from ASTERIX CAT-48,,2025-07-15T18:12:33.141316
251,CAT48_2040_0845,track_update,Updated 1 tracks from ASTERIX CAT-48,,2025-07-15T18:12:33.743278
252,CAT48_1415_1319,track_update,Updated 1 tracks from ASTERIX CAT-48,,2025-07-15T18:12:35.059802
253,CAT48_2204_1779,track_update,Updated 1 tracks from ASTERIX CAT-48,,2025-07-15T18:12:36.346390
254,CAT48_0367_2143,track_update,Updated 1 tracks from ASTERIX CAT-48,,2025-07-15T18:12:37.376156
255,CAT48_1081_2784,track_update,Updated 1 tracks from ASTERIX CAT-48,,2025-07-15T18:12:39.139305
256,CAT48_1627_3185,track_update,Updated 1 tracks from ASTERIX CAT-48,,2025-07-15T18:12:40.249643
257,CAT48_1016_3404,track_update,Updated 1 tracks from ASTERIX CAT-48,,2025-07-15T18:12:40.848480
258,CAT48_1942_3437,track_update,Updated 1 tracks from ASTERIX CAT-48,,2025-07-15T18:12:40.941339
259,CAT48_1788_0364,track_update,Updated 1 tracks from ASTERIX CAT-48,,2025-07-15T18:12:42.411528
260,CAT48_1635_0625,track_update,Updated 1 tracks from ASTERIX CAT-48,,2025-07-15T18:12:43.131890
261,CAT48_2032_0845,track_update,Updated 1 tracks from ASTERIX CAT-48,,2025-07-15T18:12:43.798139
262,CAT48_1056_1111,track_update,Updated 1 tracks from ASTERIX CAT-48,,2025-07-15T18:12:44.519850
263,CAT48_1425_1322,track_update,Updated 1 tracks from ASTERIX CAT-48,,2025-07-15T18:12:45.101478
264,CAT48_2195_1780,track_update,Updated 1 tracks from ASTERIX CAT-48,,2025-07-15T18:12:46.352681
265,CAT48_0362_2141,track_update,Updated 1 tracks from ASTERIX CAT-48,,2025-07-15T18:12:47.372595
266,CAT48_1094_2784,track_update,Updated 1 tracks from ASTERIX CAT-48,,2025-07-15T18:12:49.144190
267,CAT48_1635_3188,track_update,Updated 1 tracks from ASTERIX CAT-48,,2025-07-15T18:12:50.285866
268,CAT48_1013_3400,track_update,Updated 1 tracks from ASTERIX CAT-48,,2025-07-15T18:12:50.855346
269,CAT48_1937_3437,track_update,Updated 1 tracks from ASTERIX CAT-48,,2025-07-15T18:12:50.966471
270,CAT48_1777_0365,track_update,Updated 1 tracks from ASTERIX CAT-48,,2025-07-15T18:12:52.447601
271,CAT48_1638_0625,track_update,Updated 1 tracks from ASTERIX CAT-48,,2025-07-15T18:12:53.160713
272,CAT48_2023_0845,track_update,Updated 1 tracks from ASTERIX CAT-48,,2025-07-15T18:12:53.761654
273,CAT48_1071_1114,track_update,Updated 1 tracks from ASTERIX CAT-48,,2025-07-15T18:12:54.522224
274,CAT48_1434_1324,track_update,Updated 1 tracks from ASTERIX CAT-48,,2025-07-15T18:12:55.084803
275,CAT48_2187_1782,track_update,Updated 1 tracks from ASTERIX CAT-48,,2025-07-15T18:12:56.379759
276,CAT48_0357_2139,track_update,Updated 1 tracks from ASTERIX CAT-48,,2025-07-15T18:12:57.364938
277,CAT48_1643_3190,track_update,Updated 1 tracks from ASTERIX CAT-48,,2025-07-15T18:13:00.277850
278,CAT48_1931_3437,track_update,Updated 1 tracks from ASTERIX CAT-48,,2025-07-15T18:13:00.973970
279,CAT48_1766_0367,track_update,Updated 1 tracks from ASTERIX CAT-48,,2025-07-15T18:13:02.446201
280,CAT48_1641_0625,track_update,Updated 1 tracks from ASTERIX CAT-48,,2025-07-15T18:13:03.157568
281,CAT48_2015_0845,track_update,Updated 1 tracks from ASTERIX CAT-48,,2025-07-15T18:13:03.764327
282,CAT48_1086_1116,track_update,Updated 1 tracks from ASTERIX CAT-48,,2025-07-15T18:13:04.547920
283,CAT48_1444_1326,track_update,Updated 1 tracks from ASTERIX CAT-48,,2025-07-15T18:13:05.109381
284,CAT48_2178_1783,track_update,Updated 1 tracks from ASTERIX CAT-48,,2025-07-15T18:13:06.370392
285,CAT48_0351_2137,track_update,Updated 1 tracks from ASTERIX CAT-48,,2025-07-15T18:13:07.369358
286,CAT48_1122_2785,track_update,Updated 1 tracks from ASTERIX CAT-48,,2025-07-15T18:13:09.162468
287,CAT48_1651_3193,track_update,Updated 1 tracks from ASTERIX CAT-48,,2025-07-15T18:13:10.303057
288,CAT48_1005_3391,track_update,Updated 1 tracks from ASTERIX CAT-48,,2025-07-15T18:13:10.844320
289,CAT48_1926_3437,track_update,Updated 1 tracks from ASTERIX CAT-48,,2025-07-15T18:13:10.962853
290,CAT48_1756_0368,track_update,Updated 1 tracks from ASTERIX CAT-48,,2025-07-15T18:13:12.466261
291,CAT48_1643_0626,track_update,Updated 1 tracks from ASTERIX CAT-48,,2025-07-15T18:13:13.184138
292,CAT48_2007_0845,track_update,Updated 1 tracks from ASTERIX CAT-48,,2025-07-15T18:13:13.794640
293,CAT48_1100_1118,track_update,Updated 1 tracks from ASTERIX CAT-48,,2025-07-15T18:13:14.545787
294,CAT48_1454_1328,track_update,Updated 1 tracks from ASTERIX CAT-48,,2025-07-15T18:13:15.148075
295,CAT48_2170_1784,track_update,Updated 1 tracks from ASTERIX CAT-48,,2025-07-15T18:13:16.398804
296,CAT48_0346_2134,track_update,Updated 1 tracks from ASTERIX CAT-48,,2025-07-15T18:13:17.359315
297,CAT48_1136_2785,track_update,Updated 1 tracks from ASTERIX CAT-48,,2025-07-15T18:13:19.167742
298,CAT48_1659_3195,track_update,Updated 1 tracks from ASTERIX CAT-48,,2025-07-15T18:13:20.308624
299,CAT48_1001_3387,track_update,Updated 1 tracks from ASTERIX CAT-48,,2025-07-15T18:13:20.845444
300,CAT48_1920_3436,track_update,Updated 1 tracks from ASTERIX CAT-48,,2025-07-15T18:13:20.990818
301,CAT48_1745_0369,track_update,Updated 1 tracks from ASTERIX CAT-48,,2025-07-15T18:13:22.469052
302,CAT48_1646_0626,track_update,Updated 1 tracks from ASTERIX CAT-48,,2025-07-15T18:13:23.191813
303,CAT48_1115_1121,track_update,Updated 1 tracks from ASTERIX CAT-48,,2025-07-15T18:13:24.573872
304,CAT48_1464_1330,track_update,Updated 1 tracks from ASTERIX CAT-48,,2025-07-15T18:13:25.143306
305,CAT48_0341_2132,track_update,Updated 1 tracks from ASTERIX CAT-48,,2025-07-15T18:13:27.364087
306,CAT48_1150_2785,track_update,Updated 1 tracks from ASTERIX CAT-48,,2025-07-15T18:13:29.195899
307,CAT48_1667_3198,track_update,Updated 1 tracks from ASTERIX CAT-48,,2025-07-15T18:13:30.331927
308,CAT48_0998_3383,track_update,Updated 1 tracks from ASTERIX CAT-48,,2025-07-15T18:13:30.846902
309,CAT48_1915_3436,track_update,Updated 1 tracks from ASTERIX CAT-48,,2025-07-15T18:13:30.991976
310,CAT48_1735_0370,track_update,Updated 1 tracks from ASTERIX CAT-48,,2025-07-15T18:13:32.469907
311,CAT48_1649_0626,track_update,Updated 1 tracks from ASTERIX CAT-48,,2025-07-15T18:13:33.190554
312,CAT48_1990_0845,track_update,Updated 1 tracks from ASTERIX CAT-48,,2025-07-15T18:13:33.792376
313,CAT48_1130_1123,track_update,Updated 1 tracks from ASTERIX CAT-48,,2025-07-15T18:13:34.566228
314,CAT48_1473_1332,track_update,Updated 1 tracks from ASTERIX CAT-48,,2025-07-15T18:13:35.174060
315,CAT48_2152_1787,track_update,Updated 1 tracks from ASTERIX CAT-48,,2025-07-15T18:13:36.432077
316,CAT48_0335_2129,track_update,Updated 1 tracks from ASTERIX CAT-48,,2025-07-15T18:13:37.397956
317,CAT48_1164_2786,track_update,Updated 1 tracks from ASTERIX CAT-48,,2025-07-15T18:13:39.187743
318,CAT48_1676_3201,track_update,Updated 1 tracks from ASTERIX CAT-48,,2025-07-15T18:13:40.364442
319,CAT48_0994_3378,track_update,Updated 1 tracks from ASTERIX CAT-48,,2025-07-15T18:13:40.847615
320,CAT48_1909_3436,track_update,Updated 1 tracks from ASTERIX CAT-48,,2025-07-15T18:13:41.001830
321,CAT48_1724_0371,track_update,Updated 1 tracks from ASTERIX CAT-48,,2025-07-15T18:13:42.493873
322,CAT48_1651_0627,track_update,Updated 1 tracks from ASTERIX CAT-48,,2025-07-15T18:13:43.212786
323,CAT48_1982_0845,track_update,Updated 1 tracks from ASTERIX CAT-48,,2025-07-15T18:13:43.821871
324,CAT48_1144_1125,track_update,Updated 1 tracks from ASTERIX CAT-48,,2025-07-15T18:13:44.616539
325,CAT48_1483_1334,track_update,Updated 1 tracks from ASTERIX CAT-48,,2025-07-15T18:13:45.179708
326,CAT48_2144_1788,track_update,Updated 1 tracks from ASTERIX CAT-48,,2025-07-15T18:13:46.441298
327,CAT48_0330_2127,track_update,Updated 1 tracks from ASTERIX CAT-48,,2025-07-15T18:13:47.408314
328,CAT48_1178_2786,track_update,Updated 1 tracks from ASTERIX CAT-48,,2025-07-15T18:13:49.231568
329,CAT48_1684_3203,track_update,Updated 1 tracks from ASTERIX CAT-48,,2025-07-15T18:13:50.380276
330,CAT48_0991_3374,track_update,Updated 1 tracks from ASTERIX CAT-48,,2025-07-15T18:13:50.851936
331,CAT48_1903_3436,track_update,Updated 1 tracks from ASTERIX CAT-48,,2025-07-15T18:13:51.033364
332,CAT48_1714_0372,track_update,Updated 1 tracks from ASTERIX CAT-48,,2025-07-15T18:13:52.524376
333,CAT48_1654_0627,track_update,Updated 1 tracks from ASTERIX CAT-48,,2025-07-15T18:13:53.233540
334,CAT48_1973_0845,track_update,Updated 1 tracks from ASTERIX CAT-48,,2025-07-15T18:13:53.828976
335,CAT48_1159_1127,track_update,Updated 1 tracks from ASTERIX CAT-48,,2025-07-15T18:13:54.616327
336,CAT48_1493_1336,track_update,Updated 1 tracks from ASTERIX CAT-48,,2025-07-15T18:13:55.207690
337,CAT48_2135_1789,track_update,Updated 1 tracks from ASTERIX CAT-48,,2025-07-15T18:13:56.475507
338,CAT48_0325_2124,track_update,Updated 1 tracks from ASTERIX CAT-48,,2025-07-15T18:13:57.406392
339,CAT48_1191_2786,track_update,Updated 1 tracks from ASTERIX CAT-48,,2025-07-15T18:13:59.239184
340,CAT48_1692_3206,track_update,Updated 1 tracks from ASTERIX CAT-48,,2025-07-15T18:14:00.408346
341,CAT48_0987_3370,track_update,Updated 1 tracks from ASTERIX CAT-48,,2025-07-15T18:14:00.862131
342,CAT48_1898_3436,track_update,Updated 1 tracks from ASTERIX CAT-48,,2025-07-15T18:14:01.033973
343,CAT48_1703_0373,track_update,Updated 1 tracks from ASTERIX CAT-48,,2025-07-15T18:14:02.532346
344,CAT48_1657_0627,track_update,Updated 1 tracks from ASTERIX CAT-48,,2025-07-15T18:14:03.226388
345,CAT48_1965_0845,track_update,Updated 1 tracks from ASTERIX CAT-48,,2025-07-15T18:14:03.857961
346,CAT48_1174_1129,track_update,Updated 1 tracks from ASTERIX CAT-48,,2025-07-15T18:14:04.650825
347,CAT48_1503_1338,track_update,Updated 1 tracks from ASTERIX CAT-48,,2025-07-15T18:14:05.228085
348,CAT48_2127_1790,track_update,Updated 1 tracks from ASTERIX CAT-48,,2025-07-15T18:14:06.479944
349,CAT48_0320_2122,track_update,Updated 1 tracks from ASTERIX CAT-48,,2025-07-15T18:14:07.413039
350,CAT48_1205_2786,track_update,Updated 1 tracks from ASTERIX CAT-48,,2025-07-15T18:14:09.249097
351,CAT48_1701_3208,track_update,Updated 1 tracks from ASTERIX CAT-48,,2025-07-15T18:14:10.417061
352,CAT48_0984_3365,track_update,Updated 1 tracks from ASTERIX CAT-48,,2025-07-15T18:14:10.872976
353,CAT48_1892_3436,track_update,Updated 1 tracks from ASTERIX CAT-48,,2025-07-15T18:14:11.061470
354,CAT48_1659_0627,track_update,Updated 1 tracks from ASTERIX CAT-48,,2025-07-15T18:14:13.267091
355,CAT48_1957_0845,track_update,Updated 1 tracks from ASTERIX CAT-48,,2025-07-15T18:14:13.881695
356,CAT48_1188_1131,track_update,Updated 1 tracks from ASTERIX CAT-48,,2025-07-15T18:14:14.662621
357,CAT48_1513_1340,track_update,Updated 1 tracks from ASTERIX CAT-48,,2025-07-15T18:14:15.249894
358,CAT48_2118_1791,track_update,Updated 1 tracks from ASTERIX CAT-48,,2025-07-15T18:14:16.488662
359,CAT48_0314_2119,track_update,Updated 1 tracks from ASTERIX CAT-48,,2025-07-15T18:14:17.412667
360,CAT48_1219_2786,track_update,Updated 1 tracks from ASTERIX CAT-48,,2025-07-15T18:14:19.278198
361,CAT48_1709_3211,track_update,Updated 1 tracks from ASTERIX CAT-48,,2025-07-15T18:14:20.440237
362,CAT48_0981_3361,track_update,Updated 1 tracks from ASTERIX CAT-48,,2025-07-15T18:14:20.874420
363,CAT48_1887_3435,track_update,Updated 1 tracks from ASTERIX CAT-48,,2025-07-15T18:14:21.074081
364,CAT48_1682_0376,track_update,Updated 1 tracks from ASTERIX CAT-48,,2025-07-15T18:14:22.578086
365,CAT48_1662_0628,track_update,Updated 1 tracks from ASTERIX CAT-48,,2025-07-15T18:14:23.268019
366,CAT48_1948_0845,track_update,Updated 1 tracks from ASTERIX CAT-48,,2025-07-15T18:14:23.879115
367,CAT48_1203_1133,track_update,Updated 1 tracks from ASTERIX CAT-48,,2025-07-15T18:14:24.683692
368,CAT48_1523_1342,track_update,Updated 1 tracks from ASTERIX CAT-48,,2025-07-15T18:14:25.251151
369,CAT48_2110_1793,track_update,Updated 1 tracks from ASTERIX CAT-48,,2025-07-15T18:14:26.513157
370,CAT48_0309_2116,track_update,Updated 1 tracks from ASTERIX CAT-48,,2025-07-15T18:14:27.430722
371,CAT48_1233_2787,track_update,Updated 1 tracks from ASTERIX CAT-48,,2025-07-15T18:14:29.280008
372,CAT48_1717_3213,track_update,Updated 1 tracks from ASTERIX CAT-48,,2025-07-15T18:14:30.452226
373,CAT48_0977_3356,track_update,Updated 1 tracks from ASTERIX CAT-48,,2025-07-15T18:14:30.872804
374,CAT48_1881_3435,track_update,Updated 1 tracks from ASTERIX CAT-48,,2025-07-15T18:14:31.084270
375,CAT48_1672_0377,track_update,Updated 1 tracks from ASTERIX CAT-48,,2025-07-15T18:14:32.597847
376,CAT48_1665_0628,track_update,Updated 1 tracks from ASTERIX CAT-48,,2025-07-15T18:14:33.271916
377,CAT48_1940_0845,track_update,Updated 1 tracks from ASTERIX CAT-48,,2025-07-15T18:14:33.881167
378,CAT48_1218_1135,track_update,Updated 1 tracks from ASTERIX CAT-48,,2025-07-15T18:14:34.696255
379,CAT48_1533_1344,track_update,Updated 1 tracks from ASTERIX CAT-48,,2025-07-15T18:14:35.277189
380,CAT48_2101_1794,track_update,Updated 1 tracks from ASTERIX CAT-48,,2025-07-15T18:14:36.545186
381,CAT48_0304_2113,track_update,Updated 1 tracks from ASTERIX CAT-48,,2025-07-15T18:14:37.437873
382,CAT48_1247_2787,track_update,Updated 1 tracks from ASTERIX CAT-48,,2025-07-15T18:14:39.300392
383,CAT48_1726_3216,track_update,Updated 1 tracks from ASTERIX CAT-48,,2025-07-15T18:14:40.507008
384,CAT48_0974_3352,track_update,Updated 1 tracks from ASTERIX CAT-48,,2025-07-15T18:14:40.883865
385,CAT48_1876_3435,track_update,Updated 1 tracks from ASTERIX CAT-48,,2025-07-15T18:14:41.096335
386,CAT48_1661_0378,track_update,Updated 1 tracks from ASTERIX CAT-48,,2025-07-15T18:14:42.639610
387,CAT48_1667_0628,track_update,Updated 1 tracks from ASTERIX CAT-48,,2025-07-15T18:14:43.325269
388,CAT48_1932_0845,track_update,Updated 1 tracks from ASTERIX CAT-48,,2025-07-15T18:14:43.916886
389,CAT48_1233_1137,track_update,Updated 1 tracks from ASTERIX CAT-48,,2025-07-15T18:14:44.727008
390,CAT48_1543_1346,track_update,Updated 1 tracks from ASTERIX CAT-48,,2025-07-15T18:14:45.300194
391,CAT48_2093_1795,track_update,Updated 1 tracks from ASTERIX CAT-48,,2025-07-15T18:14:46.561512
392,CAT48_0298_2110,track_update,Updated 1 tracks from ASTERIX CAT-48,,2025-07-15T18:14:47.443947
393,CAT48_1261_2787,track_update,Updated 1 tracks from ASTERIX CAT-48,,2025-07-15T18:14:49.343025
394,CAT48_1734_3218,track_update,Updated 1 tracks from ASTERIX CAT-48,,2025-07-15T18:14:50.529938
395,CAT48_0971_3347,track_update,Updated 1 tracks from ASTERIX CAT-48,,2025-07-15T18:14:50.916088
396,CAT48_1870_3435,track_update,Updated 1 tracks from ASTERIX CAT-48,,2025-07-15T18:14:51.128301
397,CAT48_1651_0380,track_update,Updated 1 tracks from ASTERIX CAT-48,,2025-07-15T18:14:52.643606
398,CAT48_1670_0628,track_update,Updated 1 tracks from ASTERIX CAT-48,,2025-07-15T18:14:53.321319
399,CAT48_1923_0845,track_update,Updated 1 tracks from ASTERIX CAT-48,,2025-07-15T18:14:53.927012
400,CAT48_1248_1138,track_update,Updated 1 tracks from ASTERIX CAT-48,,2025-07-15T18:14:54.733354
401,CAT48_1553_1348,track_update,Updated 1 tracks from ASTERIX CAT-48,,2025-07-15T18:14:55.347849
402,CAT48_2084_1797,track_update,Updated 1 tracks from ASTERIX CAT-48,,2025-07-15T18:14:56.578112
403,CAT48_0293_2106,track_update,Updated 1 tracks from ASTERIX CAT-48,,2025-07-15T18:14:57.440747
404,CAT48_1275_2787,track_update,Updated 1 tracks from ASTERIX CAT-48,,2025-07-15T18:14:59.334637
405,CAT48_1743_3220,track_update,Updated 1 tracks from ASTERIX CAT-48,,2025-07-15T18:15:00.542751
406,CAT48_0968_3342,track_update,Updated 1 tracks from ASTERIX CAT-48,,2025-07-15T18:15:00.863005
407,CAT48_1865_3435,track_update,Updated 1 tracks from ASTERIX CAT-48,,2025-07-15T18:15:01.127927
408,CAT48_1641_0381,track_update,Updated 1 tracks from ASTERIX CAT-48,,2025-07-15T18:15:02.664017
409,CAT48_1673_0629,track_update,Updated 1 tracks from ASTERIX CAT-48,,2025-07-15T18:15:03.329196
410,CAT48_1915_0845,track_update,Updated 1 tracks from ASTERIX CAT-48,,2025-07-15T18:15:03.937758
411,CAT48_1262_1140,track_update,Updated 1 tracks from ASTERIX CAT-48,,2025-07-15T18:15:04.772423
412,CAT48_1563_1350,track_update,Updated 1 tracks from ASTERIX CAT-48,,2025-07-15T18:15:05.338822
413,CAT48_2076_1798,track_update,Updated 1 tracks from ASTERIX CAT-48,,2025-07-15T18:15:06.607600
414,CAT48_0288_2103,track_update,Updated 1 tracks from ASTERIX CAT-48,,2025-07-15T18:15:07.436492
415,CAT48_1289_2787,track_update,Updated 1 tracks from ASTERIX CAT-48,,2025-07-15T18:15:09.340884
416,CAT48_1751_3223,track_update,Updated 1 tracks from ASTERIX CAT-48,,2025-07-15T18:15:10.574379
417,CAT48_0965_3338,track_update,Updated 1 tracks from ASTERIX CAT-48,,2025-07-15T18:15:10.871944
418,CAT48_1630_0382,track_update,Updated 1 tracks from ASTERIX CAT-48,,2025-07-15T18:15:12.660597
419,CAT48_1675_0629,track_update,Updated 1 tracks from ASTERIX CAT-48,,2025-07-15T18:15:13.353793
420,CAT48_1277_1142,track_update,Updated 1 tracks from ASTERIX CAT-48,,2025-07-15T18:15:14.763438
421,CAT48_1573_1351,track_update,Updated 1 tracks from ASTERIX CAT-48,,2025-07-15T18:15:15.371258
422,CAT48_0283_2099,track_update,Updated 1 tracks from ASTERIX CAT-48,,2025-07-15T18:15:17.456499
423,CAT48_1760_3225,track_update,Updated 1 tracks from ASTERIX CAT-48,,2025-07-15T18:15:20.574899
424,CAT48_0962_3333,track_update,Updated 1 tracks from ASTERIX CAT-48,,2025-07-15T18:15:20.870964
425,CAT48_1854_3434,track_update,Updated 1 tracks from ASTERIX CAT-48,,2025-07-15T18:15:21.172899
426,CAT48_1620_0384,track_update,Updated 1 tracks from ASTERIX CAT-48,,2025-07-15T18:15:22.671083
427,CAT48_1678_0629,track_update,Updated 1 tracks from ASTERIX CAT-48,,2025-07-15T18:15:23.350817
428,CAT48_1898_0845,track_update,Updated 1 tracks from ASTERIX CAT-48,,2025-07-15T18:15:23.964130
429,CAT48_1292_1144,track_update,Updated 1 tracks from ASTERIX CAT-48,,2025-07-15T18:15:24.798475
430,CAT48_1583_1353,track_update,Updated 1 tracks from ASTERIX CAT-48,,2025-07-15T18:15:25.375827
431,CAT48_2059_1801,track_update,Updated 1 tracks from ASTERIX CAT-48,,2025-07-15T18:15:26.633576
432,CAT48_0278_2096,track_update,Updated 1 tracks from ASTERIX CAT-48,,2025-07-15T18:15:27.443313
433,CAT48_1316_2788,track_update,Updated 1 tracks from ASTERIX CAT-48,,2025-07-15T18:15:29.372280
434,CAT48_1768_3227,track_update,Updated 1 tracks from ASTERIX CAT-48,,2025-07-15T18:15:30.610684
435,CAT48_0959_3328,track_update,Updated 1 tracks from ASTERIX CAT-48,,2025-07-15T18:15:30.875644
436,CAT48_1848_3434,track_update,Updated 1 tracks from ASTERIX CAT-48,,2025-07-15T18:15:31.173321
437,CAT48_1609_0385,track_update,Updated 1 tracks from ASTERIX CAT-48,,2025-07-15T18:15:32.703269
438,CAT48_1681_0629,track_update,Updated 1 tracks from ASTERIX CAT-48,,2025-07-15T18:15:33.395610
439,CAT48_1890_0845,track_update,Updated 1 tracks from ASTERIX CAT-48,,2025-07-15T18:15:33.967231
440,CAT48_1307_1145,track_update,Updated 1 tracks from ASTERIX CAT-48,,2025-07-15T18:15:34.808432
441,CAT48_1593_1355,track_update,Updated 1 tracks from ASTERIX CAT-48,,2025-07-15T18:15:35.413201
442,CAT48_2051_1802,track_update,Updated 1 tracks from ASTERIX CAT-48,,2025-07-15T18:15:36.642340
443,CAT48_0273_2092,track_update,Updated 1 tracks from ASTERIX CAT-48,,2025-07-15T18:15:37.459166
444,CAT48_1330_2788,track_update,Updated 1 tracks from ASTERIX CAT-48,,2025-07-15T18:15:39.376640
445,CAT48_1777_3230,track_update,Updated 1 tracks from ASTERIX CAT-48,,2025-07-15T18:15:40.600151
446,CAT48_0956_3324,track_update,Updated 1 tracks from ASTERIX CAT-48,,2025-07-15T18:15:40.865250
447,CAT48_1843_3434,track_update,Updated 1 tracks from ASTERIX CAT-48,,2025-07-15T18:15:41.167251
448,CAT48_1599_0386,track_update,Updated 1 tracks from ASTERIX CAT-48,,2025-07-15T18:15:42.707126
449,CAT48_1683_0630,track_update,Updated 1 tracks from ASTERIX CAT-48,,2025-07-15T18:15:43.397976
450,CAT48_1882_0845,track_update,Updated 1 tracks from ASTERIX CAT-48,,2025-07-15T18:15:43.993790
451,CAT48_1322_1147,track_update,Updated 1 tracks from ASTERIX CAT-48,,2025-07-15T18:15:44.832053
452,CAT48_1603_1357,track_update,Updated 1 tracks from ASTERIX CAT-48,,2025-07-15T18:15:45.413565
453,CAT48_2042_1803,track_update,Updated 1 tracks from ASTERIX CAT-48,,2025-07-15T18:15:46.669359
454,CAT48_0267_2088,track_update,Updated 1 tracks from ASTERIX CAT-48,,2025-07-15T18:15:47.459408
455,CAT48_1344_2788,track_update,Updated 1 tracks from ASTERIX CAT-48,,2025-07-15T18:15:49.397766
456,CAT48_1786_3232,track_update,Updated 1 tracks from ASTERIX CAT-48,,2025-07-15T18:15:50.651011
457,CAT48_0954_3319,track_update,Updated 1 tracks from ASTERIX CAT-48,,2025-07-15T18:15:50.879762
458,CAT48_1837_3434,track_update,Updated 1 tracks from ASTERIX CAT-48,,2025-07-15T18:15:51.213772
459,CAT48_1588_0388,track_update,Updated 1 tracks from ASTERIX CAT-48,,2025-07-15T18:15:52.732590
460,CAT48_1686_0630,track_update,Updated 1 tracks from ASTERIX CAT-48,,2025-07-15T18:15:53.400811
461,CAT48_1873_0845,track_update,Updated 1 tracks from ASTERIX CAT-48,,2025-07-15T18:15:53.999143
462,CAT48_1336_1148,track_update,Updated 1 tracks from ASTERIX CAT-48,,2025-07-15T18:15:54.835826
463,CAT48_1613_1358,track_update,Updated 1 tracks from ASTERIX CAT-48,,2025-07-15T18:15:55.447976
464,CAT48_2034_1805,track_update,Updated 1 tracks from ASTERIX CAT-48,,2025-07-15T18:15:56.666024
465,CAT48_0262_2084,track_update,Updated 1 tracks from ASTERIX CAT-48,,2025-07-15T18:15:57.447666
466,CAT48_1358_2788,track_update,Updated 1 tracks from ASTERIX CAT-48,,2025-07-15T18:15:59.408188
467,CAT48_1794_3234,track_update,Updated 1 tracks from ASTERIX CAT-48,,2025-07-15T18:16:00.640547
468,CAT48_0951_3314,track_update,Updated 1 tracks from ASTERIX CAT-48,,2025-07-15T18:16:00.868121
469,CAT48_1832_3434,track_update,Updated 1 tracks from ASTERIX CAT-48,,2025-07-15T18:16:01.203749
470,CAT48_1578_0389,track_update,Updated 1 tracks from ASTERIX CAT-48,,2025-07-15T18:16:02.731681
471,CAT48_1689_0630,track_update,Updated 1 tracks from ASTERIX CAT-48,,2025-07-15T18:16:03.431051
472,CAT48_1865_0845,track_update,Updated 1 tracks from ASTERIX CAT-48,,2025-07-15T18:16:04.009339
473,CAT48_1351_1150,track_update,Updated 1 tracks from ASTERIX CAT-48,,2025-07-15T18:16:04.879931
474,CAT48_1623_1360,track_update,Updated 1 tracks from ASTERIX CAT-48,,2025-07-15T18:16:05.447962
475,CAT48_2025_1806,track_update,Updated 1 tracks from ASTERIX CAT-48,,2025-07-15T18:16:06.675392
476,CAT48_0257_2079,track_update,Updated 1 tracks from ASTERIX CAT-48,,2025-07-15T18:16:07.446620
477,CAT48_1372_2788,track_update,Updated 1 tracks from ASTERIX CAT-48,,2025-07-15T18:16:09.413437
478,CAT48_1803_3236,track_update,Updated 1 tracks from ASTERIX CAT-48,,2025-07-15T18:16:10.676194
479,CAT48_0948_3310,track_update,Updated 1 tracks from ASTERIX CAT-48,,2025-07-15T18:16:10.877218
480,CAT48_1826_3434,track_update,Updated 1 tracks from ASTERIX CAT-48,,2025-07-15T18:16:11.204896
481,CAT48_1568_0390,track_update,Updated 1 tracks from ASTERIX CAT-48,,2025-07-15T18:16:12.764639
482,CAT48_1692_0630,track_update,Updated 1 tracks from ASTERIX CAT-48,,2025-07-15T18:16:13.432475
483,CAT48_1857_0845,track_update,Updated 1 tracks from ASTERIX CAT-48,,2025-07-15T18:16:14.035866
484,CAT48_1366_1151,track_update,Updated 1 tracks from ASTERIX CAT-48,,2025-07-15T18:16:14.880019
485,CAT48_1633_1362,track_update,Updated 1 tracks from ASTERIX CAT-48,,2025-07-15T18:16:15.471212
486,CAT48_2017_1807,track_update,Updated 1 tracks from ASTERIX CAT-48,,2025-07-15T18:16:16.704602
487,CAT48_0252_2075,track_update,Updated 1 tracks from ASTERIX CAT-48,,2025-07-15T18:16:17.451028
488,CAT48_1386_2789,track_update,Updated 1 tracks from ASTERIX CAT-48,,2025-07-15T18:16:19.456047
489,CAT48_1812_3238,track_update,Updated 1 tracks from ASTERIX CAT-48,,2025-07-15T18:16:20.696764
490,CAT48_0946_3305,track_update,Updated 1 tracks from ASTERIX CAT-48,,2025-07-15T18:16:20.891642
491,CAT48_1821_3433,track_update,Updated 1 tracks from ASTERIX CAT-48,,2025-07-15T18:16:21.250694
492,CAT48_1557_0392,track_update,Updated 1 tracks from ASTERIX CAT-48,,2025-07-15T18:16:22.769002
493,CAT48_1694_0631,track_update,Updated 1 tracks from ASTERIX CAT-48,,2025-07-15T18:16:23.428011
494,CAT48_1848_0845,track_update,Updated 1 tracks from ASTERIX CAT-48,,2025-07-15T18:16:24.037808
495,CAT48_1381_1153,track_update,Updated 1 tracks from ASTERIX CAT-48,,2025-07-15T18:16:24.911135
496,CAT48_1643_1363,track_update,Updated 1 tracks from ASTERIX CAT-48,,2025-07-15T18:16:25.485560
497,CAT48_2009_1809,track_update,Updated 1 tracks from ASTERIX CAT-48,,2025-07-15T18:16:26.712342
498,CAT48_0247_2070,track_update,Updated 1 tracks from ASTERIX CAT-48,,2025-07-15T18:16:27.453862
499,CAT48_1400_2789,track_update,Updated 1 tracks from ASTERIX CAT-48,,2025-07-15T18:16:29.448356
500,CAT48_1820_3241,track_update,Updated 1 tracks from ASTERIX CAT-48,,2025-07-15T18:16:30.707504
501,CAT48_1815_3433,track_update,Updated 1 tracks from ASTERIX CAT-48,,2025-07-15T18:16:31.246245
502,CAT48_1547_0393,track_update,Updated 1 tracks from ASTERIX CAT-48,,2025-07-15T18:16:32.811035
503,CAT48_1697_0631,track_update,Updated 1 tracks from ASTERIX CAT-48,,2025-07-15T18:16:33.474510
504,CAT48_1840_0845,track_update,Updated 1 tracks from ASTERIX CAT-48,,2025-07-15T18:16:34.043368
505,CAT48_1396_1154,track_update,Updated 1 tracks from ASTERIX CAT-48,,2025-07-15T18:16:34.909266
506,CAT48_1653_1365,track_update,Updated 1 tracks from ASTERIX CAT-48,,2025-07-15T18:16:35.519117
507,CAT48_2000_1810,track_update,Updated 1 tracks from ASTERIX CAT-48,,2025-07-15T18:16:36.749881
508,CAT48_0242_2066,track_update,Updated 1 tracks from ASTERIX CAT-48,,2025-07-15T18:16:37.464343
509,CAT48_1413_2789,track_update,Updated 1 tracks from ASTERIX CAT-48,,2025-07-15T18:16:39.452723
510,CAT48_1829_3243,track_update,Updated 1 tracks from ASTERIX CAT-48,,2025-07-15T18:16:40.736788
511,CAT48_0941_3295,track_update,Updated 1 tracks from ASTERIX CAT-48,,2025-07-15T18:16:40.857753
512,CAT48_1810_3433,track_update,Updated 1 tracks from ASTERIX CAT-48,,2025-07-15T18:16:41.241409
513,CAT48_1536_0395,track_update,Updated 1 tracks from ASTERIX CAT-48,,2025-07-15T18:16:42.805187
514,CAT48_1700_0631,track_update,Updated 1 tracks from ASTERIX CAT-48,,2025-07-15T18:16:43.473992
515,CAT48_1832_0845,track_update,Updated 1 tracks from ASTERIX CAT-48,,2025-07-15T18:16:44.074653
516,CAT48_1411_1156,track_update,Updated 1 tracks from ASTERIX CAT-48,,2025-07-15T18:16:44.937859
517,CAT48_1992_1812,track_update,Updated 1 tracks from ASTERIX CAT-48,,2025-07-15T18:16:46.740162
518,CAT48_0237_2061,track_update,Updated 1 tracks from ASTERIX CAT-48,,2025-07-15T18:16:47.442251
519,CAT48_1427_2789,track_update,Updated 1 tracks from ASTERIX CAT-48,,2025-07-15T18:16:49.479883
520,CAT48_1838_3245,track_update,Updated 1 tracks from ASTERIX CAT-48,,2025-07-15T18:16:50.730280
521,CAT48_0939_3290,track_update,Updated 1 tracks from ASTERIX CAT-48,,2025-07-15T18:16:50.867850
522,CAT48_1804_3433,track_update,Updated 1 tracks from ASTERIX CAT-48,,2025-07-15T18:16:51.252307
523,CAT48_1526_0396,track_update,Updated 1 tracks from ASTERIX CAT-48,,2025-07-15T18:16:52.833050
524,CAT48_1702_0631,track_update,Updated 1 tracks from ASTERIX CAT-48,,2025-07-15T18:16:53.474461
525,CAT48_1426_1157,track_update,Updated 1 tracks from ASTERIX CAT-48,,2025-07-15T18:16:54.932387
526,CAT48_1674_1368,track_update,Updated 1 tracks from ASTERIX CAT-48,,2025-07-15T18:16:55.533972
527,CAT48_1984_1813,track_update,Updated 1 tracks from ASTERIX CAT-48,,2025-07-15T18:16:56.771325
528,CAT48_0232_2055,track_update,Updated 1 tracks from ASTERIX CAT-48,,2025-07-15T18:16:57.427944
529,CAT48_1441_2789,track_update,Updated 1 tracks from ASTERIX CAT-48,,2025-07-15T18:16:59.476202
530,CAT48_1847_3247,track_update,Updated 1 tracks from ASTERIX CAT-48,,2025-07-15T18:17:00.780820
531,CAT48_0936_3285,track_update,Updated 1 tracks from ASTERIX CAT-48,,2025-07-15T18:17:00.868588
532,CAT48_1798_3433,track_update,Updated 1 tracks from ASTERIX CAT-48,,2025-07-15T18:17:01.292796
533,CAT48_1516_0398,track_update,Updated 1 tracks from ASTERIX CAT-48,,2025-07-15T18:17:02.849901
534,CAT48_1705_0632,track_update,Updated 1 tracks from ASTERIX CAT-48,,2025-07-15T18:17:03.512597
535,CAT48_1815_0845,track_update,Updated 1 tracks from ASTERIX CAT-48,,2025-07-15T18:17:04.092335
536,CAT48_1441_1159,track_update,Updated 1 tracks from ASTERIX CAT-48,,2025-07-15T18:17:04.997843
537,CAT48_1684_1370,track_update,Updated 1 tracks from ASTERIX CAT-48,,2025-07-15T18:17:05.567356
538,CAT48_0227_2050,track_update,Updated 1 tracks from ASTERIX CAT-48,,2025-07-15T18:17:07.455404
539,CAT48_1455_2789,track_update,Updated 1 tracks from ASTERIX CAT-48,,2025-07-15T18:17:09.522118
540,CAT48_1855_3249,track_update,Updated 1 tracks from ASTERIX CAT-48,,2025-07-15T18:17:10.781499
541,CAT48_0934_3280,track_update,Updated 1 tracks from ASTERIX CAT-48,,2025-07-15T18:17:10.868893
542,CAT48_1793_3433,track_update,Updated 1 tracks from ASTERIX CAT-48,,2025-07-15T18:17:11.302165
543,CAT48_1505_0399,track_update,Updated 1 tracks from ASTERIX CAT-48,,2025-07-15T18:17:12.885155
544,CAT48_1708_0632,track_update,Updated 1 tracks from ASTERIX CAT-48,,2025-07-15T18:17:13.514836
545,CAT48_1807_0845,track_update,Updated 1 tracks from ASTERIX CAT-48,,2025-07-15T18:17:14.114717
546,CAT48_1456_1160,track_update,Updated 1 tracks from ASTERIX CAT-48,,2025-07-15T18:17:14.998509
547,CAT48_1967_1816,track_update,Updated 1 tracks from ASTERIX CAT-48,,2025-07-15T18:17:16.823101
548,CAT48_0222_2044,track_update,Updated 1 tracks from ASTERIX CAT-48,,2025-07-15T18:17:17.485037
549,CAT48_1469_2790,track_update,Updated 1 tracks from ASTERIX CAT-48,,2025-07-15T18:17:19.528405
550,CAT48_1864_3251,track_update,Updated 1 tracks from ASTERIX CAT-48,,2025-07-15T18:17:20.818502
551,CAT48_0932_3275,track_update,Updated 1 tracks from ASTERIX CAT-48,,2025-07-15T18:17:20.878920
552,CAT48_1787_3432,track_update,Updated 1 tracks from ASTERIX CAT-48,,2025-07-15T18:17:21.292802
553,CAT48_1495_0401,track_update,Updated 1 tracks from ASTERIX CAT-48,,2025-07-15T18:17:22.882239
554,CAT48_1710_0632,track_update,Updated 1 tracks from ASTERIX CAT-48,,2025-07-15T18:17:23.547057
555,CAT48_1798_0845,track_update,Updated 1 tracks from ASTERIX CAT-48,,2025-07-15T18:17:24.124815
556,CAT48_1471_1161,track_update,Updated 1 tracks from ASTERIX CAT-48,,2025-07-15T18:17:24.995871
557,CAT48_1704_1373,track_update,Updated 1 tracks from ASTERIX CAT-48,,2025-07-15T18:17:25.592720
558,CAT48_1959_1817,track_update,Updated 1 tracks from ASTERIX CAT-48,,2025-07-15T18:17:26.826854
559,CAT48_0217_2038,track_update,Updated 1 tracks from ASTERIX CAT-48,,2025-07-15T18:17:27.450218
560,CAT48_1483_2790,track_update,Updated 1 tracks from ASTERIX CAT-48,,2025-07-15T18:17:29.531219
561,CAT48_1873_3253,track_update,Updated 1 tracks from ASTERIX CAT-48,,2025-07-15T18:17:30.829420
562,CAT48_0930_3270,track_update,Updated 1 tracks from ASTERIX CAT-48,,2025-07-15T18:17:30.873211
563,CAT48_1782_3432,track_update,Updated 1 tracks from ASTERIX CAT-48,,2025-07-15T18:17:31.327582
564,CAT48_1485_0402,track_update,Updated 1 tracks from ASTERIX CAT-48,,2025-07-15T18:17:32.921595
565,CAT48_1713_0632,track_update,Updated 1 tracks from ASTERIX CAT-48,,2025-07-15T18:17:33.559317
566,CAT48_1486_1162,track_update,Updated 1 tracks from ASTERIX CAT-48,,2025-07-15T18:17:35.028430
567,CAT48_1714_1374,track_update,Updated 1 tracks from ASTERIX CAT-48,,2025-07-15T18:17:35.617880
568,CAT48_1951_1819,track_update,Updated 1 tracks from ASTERIX CAT-48,,2025-07-15T18:17:36.855855
569,CAT48_0212_2031,track_update,Updated 1 tracks from ASTERIX CAT-48,,2025-07-15T18:17:37.431608
570,CAT48_1497_2790,track_update,Updated 1 tracks from ASTERIX CAT-48,,2025-07-15T18:17:39.550093
571,CAT48_1882_3255,track_update,Updated 1 tracks from ASTERIX CAT-48,,2025-07-15T18:17:40.846179
572,CAT48_0928_3265,track_update,Updated 1 tracks from ASTERIX CAT-48,,2025-07-15T18:17:40.870101
573,CAT48_1776_3432,track_update,Updated 1 tracks from ASTERIX CAT-48,,2025-07-15T18:17:41.334716
574,CAT48_1474_0404,track_update,Updated 1 tracks from ASTERIX CAT-48,,2025-07-15T18:17:42.929832
575,CAT48_1716_0633,track_update,Updated 1 tracks from ASTERIX CAT-48,,2025-07-15T18:17:43.560234
576,CAT48_1782_0845,track_update,Updated 1 tracks from ASTERIX CAT-48,,2025-07-15T18:17:44.147661
577,CAT48_1725_1376,track_update,Updated 1 tracks from ASTERIX CAT-48,,2025-07-15T18:17:45.631938
578,CAT48_1942_1820,track_update,Updated 1 tracks from ASTERIX CAT-48,,2025-07-15T18:17:46.860112
579,CAT48_0207_2025,track_update,Updated 1 tracks from ASTERIX CAT-48,,2025-07-15T18:17:47.428263
580,CAT48_1511_2790,track_update,Updated 1 tracks from ASTERIX CAT-48,,2025-07-15T18:17:49.562357
581,CAT48_1891_3257,track_update,Updated 1 tracks from ASTERIX CAT-48,,2025-07-15T18:17:50.857567
582,CAT48_0926_3260,track_update,Updated 1 tracks from ASTERIX CAT-48,,2025-07-15T18:17:50.877524
583,CAT48_1771_3432,track_update,Updated 1 tracks from ASTERIX CAT-48,,2025-07-15T18:17:51.322963
584,CAT48_1718_0633,track_update,Updated 1 tracks from ASTERIX CAT-48,,2025-07-15T18:17:53.581537
585,CAT48_1773_0844,track_update,Updated 1 tracks from ASTERIX CAT-48,,2025-07-15T18:17:54.146992
586,CAT48_1516_1165,track_update,Updated 1 tracks from ASTERIX CAT-48,,2025-07-15T18:17:55.090532
587,CAT48_1735_1377,track_update,Updated 1 tracks from ASTERIX CAT-48,,2025-07-15T18:17:55.664614
588,CAT48_1934_1822,track_update,Updated 1 tracks from ASTERIX CAT-48,,2025-07-15T18:17:56.890614
589,CAT48_0202_2018,track_update,Updated 1 tracks from ASTERIX CAT-48,,2025-07-15T18:17:57.432535
590,CAT48_1524_2790,track_update,Updated 1 tracks from ASTERIX CAT-48,,2025-07-15T18:17:59.559488
591,CAT48_0924_3255,track_update,Updated 1 tracks from ASTERIX CAT-48,,2025-07-15T18:18:00.857383
592,CAT48_1900_3259,track_update,Updated 1 tracks from ASTERIX CAT-48,,2025-07-15T18:18:00.885395
593,CAT48_1765_3432,track_update,Updated 1 tracks from ASTERIX CAT-48,,2025-07-15T18:18:01.365307
594,CAT48_1454_0407,track_update,Updated 1 tracks from ASTERIX CAT-48,,2025-07-15T18:18:02.958285
595,CAT48_1721_0633,track_update,Updated 1 tracks from ASTERIX CAT-48,,2025-07-15T18:18:03.605824
596,CAT48_1765_0844,track_update,Updated 1 tracks from ASTERIX CAT-48,,2025-07-15T18:18:04.174749
597,CAT48_1531_1166,track_update,Updated 1 tracks from ASTERIX CAT-48,,2025-07-15T18:18:05.078681
598,CAT48_1745_1379,track_update,Updated 1 tracks from ASTERIX CAT-48,,2025-07-15T18:18:05.675434
599,CAT48_1926_1823,track_update,Updated 1 tracks from ASTERIX CAT-48,,2025-07-15T18:18:06.906308
600,CAT48_0198_2010,track_update,Updated 1 tracks from ASTERIX CAT-48,,2025-07-15T18:18:07.410669
601,CAT48_1538_2790,track_update,Updated 1 tracks from ASTERIX CAT-48,,2025-07-15T18:18:09.607480
602,CAT48_0922_3250,track_update,Updated 1 tracks from ASTERIX CAT-48,,2025-07-15T18:18:10.853461
603,CAT48_1909_3261,track_update,Updated 1 tracks from ASTERIX CAT-48,,2025-07-15T18:18:10.885276
604,CAT48_1760_3432,track_update,Updated 1 tracks from ASTERIX CAT-48,,2025-07-15T18:18:11.395707
605,CAT48_1444_0409,track_update,Updated 1 tracks from ASTERIX CAT-48,,2025-07-15T18:18:12.965841
606,CAT48_1724_0633,track_update,Updated 1 tracks from ASTERIX CAT-48,,2025-07-15T18:18:13.591146
607,CAT48_1757_0844,track_update,Updated 1 tracks from ASTERIX CAT-48,,2025-07-15T18:18:14.188448
608,CAT48_1546_1167,track_update,Updated 1 tracks from ASTERIX CAT-48,,2025-07-15T18:18:15.091248
609,CAT48_1755_1380,track_update,Updated 1 tracks from ASTERIX CAT-48,,2025-07-15T18:18:15.665861
610,CAT48_1918_1825,track_update,Updated 1 tracks from ASTERIX CAT-48,,2025-07-15T18:18:16.920664
611,CAT48_0193_2003,track_update,Updated 1 tracks from ASTERIX CAT-48,,2025-07-15T18:18:17.408881
612,CAT48_1552_2790,track_update,Updated 1 tracks from ASTERIX CAT-48,,2025-07-15T18:18:19.600908
613,CAT48_0921_3245,track_update,Updated 1 tracks from ASTERIX CAT-48,,2025-07-15T18:18:20.853562
614,CAT48_1918_3263,track_update,Updated 1 tracks from ASTERIX CAT-48,,2025-07-15T18:18:20.916544
615,CAT48_1754_3431,track_update,Updated 1 tracks from ASTERIX CAT-48,,2025-07-15T18:18:21.376189
616,CAT48_1726_0634,track_update,Updated 1 tracks from ASTERIX CAT-48,,2025-07-15T18:18:23.630351
617,CAT48_1748_0844,track_update,Updated 1 tracks from ASTERIX CAT-48,,2025-07-15T18:18:24.195667
618,CAT48_1561_1168,track_update,Updated 1 tracks from ASTERIX CAT-48,,2025-07-15T18:18:25.105628
619,CAT48_1766_1382,track_update,Updated 1 tracks from ASTERIX CAT-48,,2025-07-15T18:18:25.699025
620,CAT48_1910_1827,track_update,Updated 1 tracks from ASTERIX CAT-48,,2025-07-15T18:18:26.926774
621,CAT48_0188_1994,track_update,Updated 1 tracks from ASTERIX CAT-48,,2025-07-15T18:18:27.408277
622,CAT48_1566_2791,track_update,Updated 1 tracks from ASTERIX CAT-48,,2025-07-15T18:18:29.608671
623,CAT48_0919_3240,track_update,Updated 1 tracks from ASTERIX CAT-48,,2025-07-15T18:18:30.860094
624,CAT48_1927_3265,track_update,Updated 1 tracks from ASTERIX CAT-48,,2025-07-15T18:18:30.922828
625,CAT48_1749_3431,track_update,Updated 1 tracks from ASTERIX CAT-48,,2025-07-15T18:18:31.407579
626,CAT48_1423_0412,track_update,Updated 1 tracks from ASTERIX CAT-48,,2025-07-15T18:18:32.991501
627,CAT48_1729_0634,track_update,Updated 1 tracks from ASTERIX CAT-48,,2025-07-15T18:18:33.621511
628,CAT48_1740_0844,track_update,Updated 1 tracks from ASTERIX CAT-48,,2025-07-15T18:18:34.193922
629,CAT48_1576_1169,track_update,Updated 1 tracks from ASTERIX CAT-48,,2025-07-15T18:18:35.130255
630,CAT48_1776_1383,track_update,Updated 1 tracks from ASTERIX CAT-48,,2025-07-15T18:18:35.695013
631,CAT48_1901_1828,track_update,Updated 1 tracks from ASTERIX CAT-48,,2025-07-15T18:18:36.927907
632,CAT48_0183_1986,track_update,Updated 1 tracks from ASTERIX CAT-48,,2025-07-15T18:18:37.384495
633,CAT48_1580_2791,track_update,Updated 1 tracks from ASTERIX CAT-48,,2025-07-15T18:18:39.636299
634,CAT48_0917_3235,track_update,Updated 1 tracks from ASTERIX CAT-48,,2025-07-15T18:18:40.859108
635,CAT48_1936_3267,track_update,Updated 1 tracks from ASTERIX CAT-48,,2025-07-15T18:18:40.948329
636,CAT48_1743_3431,track_update,Updated 1 tracks from ASTERIX CAT-48,,2025-07-15T18:18:41.407478
637,CAT48_1413_0414,track_update,Updated 1 tracks from ASTERIX CAT-48,,2025-07-15T18:18:43.021777
638,CAT48_1732_0634,track_update,Updated 1 tracks from ASTERIX CAT-48,,2025-07-15T18:18:43.627054
639,CAT48_1732_0844,track_update,Updated 1 tracks from ASTERIX CAT-48,,2025-07-15T18:18:44.221711
640,CAT48_1591_1171,track_update,Updated 1 tracks from ASTERIX CAT-48,,2025-07-15T18:18:45.123121
641,CAT48_1786_1385,track_update,Updated 1 tracks from ASTERIX CAT-48,,2025-07-15T18:18:45.727905
642,CAT48_1893_1830,track_update,Updated 1 tracks from ASTERIX CAT-48,,2025-07-15T18:18:46.951501
643,CAT48_0179_1977,track_update,Updated 1 tracks from ASTERIX CAT-48,,2025-07-15T18:18:47.373611
644,CAT48_1594_2791,track_update,Updated 1 tracks from ASTERIX CAT-48,,2025-07-15T18:18:49.632451
645,CAT48_0916_3230,track_update,Updated 1 tracks from ASTERIX CAT-48,,2025-07-15T18:18:50.861250
646,CAT48_1945_3269,track_update,Updated 1 tracks from ASTERIX CAT-48,,2025-07-15T18:18:50.945470
647,CAT48_1738_3431,track_update,Updated 1 tracks from ASTERIX CAT-48,,2025-07-15T18:18:51.396386
648,CAT48_1403_0416,track_update,Updated 1 tracks from ASTERIX CAT-48,,2025-07-15T18:18:53.144702
649,CAT48_1735_0634,track_update,Updated 1 tracks from ASTERIX CAT-48,,2025-07-15T18:18:53.763596
650,CAT48_1723_0844,track_update,Updated 1 tracks from ASTERIX CAT-48,,2025-07-15T18:18:54.325353
651,CAT48_1606_1172,track_update,Updated 1 tracks from ASTERIX CAT-48,,2025-07-15T18:18:55.227990
652,CAT48_1796_1386,track_update,Updated 1 tracks from ASTERIX CAT-48,,2025-07-15T18:18:55.830387
653,CAT48_1885_1831,track_update,Updated 1 tracks from ASTERIX CAT-48,,2025-07-15T18:18:57.096997
654,CAT48_0174_1967,track_update,Updated 1 tracks from ASTERIX CAT-48,,2025-07-15T18:18:57.456173
655,CAT48_1608_2791,track_update,Updated 1 tracks from ASTERIX CAT-48,,2025-07-15T18:18:59.760403
656,CAT48_0915_3224,track_update,Updated 1 tracks from ASTERIX CAT-48,,2025-07-15T18:19:00.977968
657,CAT48_1954_3271,track_update,Updated 1 tracks from ASTERIX CAT-48,,2025-07-15T18:19:01.099375
658,CAT48_1732_3431,track_update,Updated 1 tracks from ASTERIX CAT-48,,2025-07-15T18:19:01.559042
659,CAT48_1393_0418,track_update,Updated 1 tracks from ASTERIX CAT-48,,2025-07-15T18:19:03.174308
660,CAT48_1737_0635,track_update,Updated 1 tracks from ASTERIX CAT-48,,2025-07-15T18:19:03.780522
661,CAT48_1715_0844,track_update,Updated 1 tracks from ASTERIX CAT-48,,2025-07-15T18:19:04.347708
662,CAT48_1621_1173,track_update,Updated 1 tracks from ASTERIX CAT-48,,2025-07-15T18:19:05.280962
663,CAT48_1807_1387,track_update,Updated 1 tracks from ASTERIX CAT-48,,2025-07-15T18:19:05.896415
664,CAT48_1877_1833,track_update,Updated 1 tracks from ASTERIX CAT-48,,2025-07-15T18:19:07.110763
665,CAT48_0170_1957,track_update,Updated 1 tracks from ASTERIX CAT-48,,2025-07-15T18:19:07.482499
666,CAT48_1622_2791,track_update,Updated 1 tracks from ASTERIX CAT-48,,2025-07-15T18:19:09.781735
667,CAT48_0913_3219,track_update,Updated 1 tracks from ASTERIX CAT-48,,2025-07-15T18:19:10.953908
668,CAT48_1963_3273,track_update,Updated 1 tracks from ASTERIX CAT-48,,2025-07-15T18:19:11.105929
669,CAT48_1727_3430,track_update,Updated 1 tracks from ASTERIX CAT-48,,2025-07-15T18:19:11.564468
670,CAT48_1382_0419,track_update,Updated 1 tracks from ASTERIX CAT-48,,2025-07-15T18:19:13.183838
671,CAT48_1740_0635,track_update,Updated 1 tracks from ASTERIX CAT-48,,2025-07-15T18:19:13.782830
672,CAT48_1707_0844,track_update,Updated 1 tracks from ASTERIX CAT-48,,2025-07-15T18:19:14.383057
673,CAT48_1636_1174,track_update,Updated 1 tracks from ASTERIX CAT-48,,2025-07-15T18:19:15.287137
674,CAT48_1817_1389,track_update,Updated 1 tracks from ASTERIX CAT-48,,2025-07-15T18:19:15.897532
675,CAT48_1869_1834,track_update,Updated 1 tracks from ASTERIX CAT-48,,2025-07-15T18:19:17.215850
676,CAT48_0165_1946,track_update,Updated 1 tracks from ASTERIX CAT-48,,2025-07-15T18:19:17.536216
677,CAT48_1635_2791,track_update,Updated 1 tracks from ASTERIX CAT-48,,2025-07-15T18:19:19.909465
678,CAT48_0912_3214,track_update,Updated 1 tracks from ASTERIX CAT-48,,2025-07-15T18:19:21.084189
679,CAT48_1972_3275,track_update,Updated 1 tracks from ASTERIX CAT-48,,2025-07-15T18:19:21.295537
680,CAT48_1721_3430,track_update,Updated 1 tracks from ASTERIX CAT-48,,2025-07-15T18:19:21.713483
681,CAT48_1372_0421,track_update,Updated 1 tracks from ASTERIX CAT-48,,2025-07-15T18:19:23.384873
682,CAT48_1743_0635,track_update,Updated 1 tracks from ASTERIX CAT-48,,2025-07-15T18:19:24.004973
683,CAT48_1698_0844,track_update,Updated 1 tracks from ASTERIX CAT-48,,2025-07-15T18:19:24.581219
684,CAT48_1651_1175,track_update,Updated 1 tracks from ASTERIX CAT-48,,2025-07-15T18:19:25.530637
685,CAT48_1827_1390,track_update,Updated 1 tracks from ASTERIX CAT-48,,2025-07-15T18:19:26.135792
686,CAT48_1861_1836,track_update,Updated 1 tracks from ASTERIX CAT-48,,2025-07-15T18:19:27.364019
687,CAT48_0161_1935,track_update,Updated 1 tracks from ASTERIX CAT-48,,2025-07-15T18:19:27.632839
688,CAT48_1649_2791,track_update,Updated 1 tracks from ASTERIX CAT-48,,2025-07-15T18:19:30.018644
689,CAT48_0911_3209,track_update,Updated 1 tracks from ASTERIX CAT-48,,2025-07-15T18:19:31.173981
690,CAT48_1981_3276,track_update,Updated 1 tracks from ASTERIX CAT-48,,2025-07-15T18:19:31.490439
691,CAT48_1716_3430,track_update,Updated 1 tracks from ASTERIX CAT-48,,2025-07-15T18:19:31.963650
692,CAT48_1362_0423,track_update,Updated 1 tracks from ASTERIX CAT-48,,2025-07-15T18:19:33.637720
693,CAT48_1745_0635,track_update,Updated 1 tracks from ASTERIX CAT-48,,2025-07-15T18:19:34.230558
694,CAT48_1690_0844,track_update,Updated 1 tracks from ASTERIX CAT-48,,2025-07-15T18:19:34.802608
695,CAT48_1666_1176,track_update,Updated 1 tracks from ASTERIX CAT-48,,2025-07-15T18:19:35.734864
696,CAT48_1838_1391,track_update,Updated 1 tracks from ASTERIX CAT-48,,2025-07-15T18:19:36.359821
697,CAT48_1853_1838,track_update,Updated 1 tracks from ASTERIX CAT-48,,2025-07-15T18:19:37.595611
698,CAT48_0157_1922,track_update,Updated 1 tracks from ASTERIX CAT-48,,2025-07-15T18:19:37.839508
699,CAT48_0910_3204,track_update,Updated 1 tracks from ASTERIX CAT-48,,2025-07-15T18:19:41.404588
700,CAT48_1991_3278,track_update,Updated 1 tracks from ASTERIX CAT-48,,2025-07-15T18:19:41.621362
701,CAT48_1710_3430,track_update,Updated 1 tracks from ASTERIX CAT-48,,2025-07-15T18:19:42.049234
702,CAT48_1352_0425,track_update,Updated 1 tracks from ASTERIX CAT-48,,2025-07-15T18:19:43.710275
703,CAT48_1748_0636,track_update,Updated 1 tracks from ASTERIX CAT-48,,2025-07-15T18:19:44.288852
704,CAT48_1682_0844,track_update,Updated 1 tracks from ASTERIX CAT-48,,2025-07-15T18:19:44.868587
705,CAT48_1681_1177,track_update,Updated 1 tracks from ASTERIX CAT-48,,2025-07-15T18:19:45.812079
706,CAT48_1848_1393,track_update,Updated 1 tracks from ASTERIX CAT-48,,2025-07-15T18:19:46.409748
707,CAT48_1845_1839,track_update,Updated 1 tracks from ASTERIX CAT-48,,2025-07-15T18:19:47.643212
708,CAT48_0153_1910,track_update,Updated 1 tracks from ASTERIX CAT-48,,2025-07-15T18:19:47.818061
709,CAT48_1677_2792,track_update,Updated 1 tracks from ASTERIX CAT-48,,2025-07-15T18:19:50.289511
710,CAT48_1705_3430,track_update,Updated 1 tracks from ASTERIX CAT-48,,2025-07-15T18:19:52.054737
711,CAT48_1342_0427,track_update,Updated 1 tracks from ASTERIX CAT-48,,2025-07-15T18:19:53.712281
712,CAT48_1751_0636,track_update,Updated 1 tracks from ASTERIX CAT-48,,2025-07-15T18:19:54.309491
713,CAT48_1673_0844,track_update,Updated 1 tracks from ASTERIX CAT-48,,2025-07-15T18:19:54.882927
714,CAT48_1858_1394,track_update,Updated 1 tracks from ASTERIX CAT-48,,2025-07-15T18:19:56.424896
715,CAT48_1836_1841,track_update,Updated 1 tracks from ASTERIX CAT-48,,2025-07-15T18:19:57.647034
716,CAT48_0148_1896,track_update,Updated 1 tracks from ASTERIX CAT-48,,2025-07-15T18:19:57.799421
717,CAT48_1691_2792,track_update,Updated 1 tracks from ASTERIX CAT-48,,2025-07-15T18:20:00.328310
718,CAT48_0908_3193,track_update,Updated 1 tracks from ASTERIX CAT-48,,2025-07-15T18:20:01.433873
719,CAT48_2009_3282,track_update,Updated 1 tracks from ASTERIX CAT-48,,2025-07-15T18:20:01.677200
720,CAT48_1699_3429,track_update,Updated 1 tracks from ASTERIX CAT-48,,2025-07-15T18:20:02.073481
721,CAT48_1332_0429,track_update,Updated 1 tracks from ASTERIX CAT-48,,2025-07-15T18:20:03.753570
722,CAT48_1753_0636,track_update,Updated 1 tracks from ASTERIX CAT-48,,2025-07-15T18:20:04.329875
723,CAT48_1665_0844,track_update,Updated 1 tracks from ASTERIX CAT-48,,2025-07-15T18:20:04.899161
724,CAT48_1711_1179,track_update,Updated 1 tracks from ASTERIX CAT-48,,2025-07-15T18:20:05.828127
725,CAT48_1869_1395,track_update,Updated 1 tracks from ASTERIX CAT-48,,2025-07-15T18:20:06.471464
726,CAT48_1828_1843,track_update,Updated 1 tracks from ASTERIX CAT-48,,2025-07-15T18:20:07.707784
727,CAT48_0144_1882,track_update,Updated 1 tracks from ASTERIX CAT-48,,2025-07-15T18:20:07.798381
728,CAT48_1705_2792,track_update,Updated 1 tracks from ASTERIX CAT-48,,2025-07-15T18:20:10.358796
729,CAT48_0907_3188,track_update,Updated 1 tracks from ASTERIX CAT-48,,2025-07-15T18:20:11.435236
730,CAT48_2018_3284,track_update,Updated 1 tracks from ASTERIX CAT-48,,2025-07-15T18:20:11.698420
731,CAT48_1322_0431,track_update,Updated 1 tracks from ASTERIX CAT-48,,2025-07-15T18:20:13.801442
732,CAT48_1756_0636,track_update,Updated 1 tracks from ASTERIX CAT-48,,2025-07-15T18:20:14.381619
733,CAT48_1657_0844,track_update,Updated 1 tracks from ASTERIX CAT-48,,2025-07-15T18:20:14.943572
734,CAT48_1726_1180,track_update,Updated 1 tracks from ASTERIX CAT-48,,2025-07-15T18:20:15.876395
735,CAT48_1879_1396,track_update,Updated 1 tracks from ASTERIX CAT-48,,2025-07-15T18:20:16.478600
736,CAT48_1820_1844,track_update,Updated 1 tracks from ASTERIX CAT-48,,2025-07-15T18:20:17.718834
737,CAT48_1719_2792,track_update,Updated 1 tracks from ASTERIX CAT-48,,2025-07-15T18:20:20.356092
738,CAT48_0906_3183,track_update,Updated 1 tracks from ASTERIX CAT-48,,2025-07-15T18:20:21.431233
739,CAT48_2027_3285,track_update,Updated 1 tracks from ASTERIX CAT-48,,2025-07-15T18:20:21.722671
740,CAT48_1688_3429,track_update,Updated 1 tracks from ASTERIX CAT-48,,2025-07-15T18:20:22.112143
741,CAT48_1311_0433,track_update,Updated 1 tracks from ASTERIX CAT-48,,2025-07-15T18:20:23.793355
742,CAT48_1759_0637,track_update,Updated 1 tracks from ASTERIX CAT-48,,2025-07-15T18:20:24.361583
743,CAT48_1648_0844,track_update,Updated 1 tracks from ASTERIX CAT-48,,2025-07-15T18:20:24.933877
744,CAT48_1741_1181,track_update,Updated 1 tracks from ASTERIX CAT-48,,2025-07-15T18:20:25.894820
745,CAT48_1889_1398,track_update,Updated 1 tracks from ASTERIX CAT-48,,2025-07-15T18:20:26.474280
746,CAT48_1812_1846,track_update,Updated 1 tracks from ASTERIX CAT-48,,2025-07-15T18:20:27.727128
747,CAT48_0137_1850,track_update,Updated 1 tracks from ASTERIX CAT-48,,2025-07-15T18:20:27.743264
748,CAT48_1733_2792,track_update,Updated 1 tracks from ASTERIX CAT-48,,2025-07-15T18:20:30.377119
749,CAT48_0905_3177,track_update,Updated 1 tracks from ASTERIX CAT-48,,2025-07-15T18:20:31.428048
750,CAT48_2037_3287,track_update,Updated 1 tracks from ASTERIX CAT-48,,2025-07-15T18:20:31.721464
751,CAT48_1682_3429,track_update,Updated 1 tracks from ASTERIX CAT-48,,2025-07-15T18:20:32.113702
752,CAT48_1301_0435,track_update,Updated 1 tracks from ASTERIX CAT-48,,2025-07-15T18:20:33.830512
753,CAT48_1640_0844,track_update,Updated 1 tracks from ASTERIX CAT-48,,2025-07-15T18:20:34.932573
754,CAT48_1756_1181,track_update,Updated 1 tracks from ASTERIX CAT-48,,2025-07-15T18:20:35.893187
755,CAT48_1900_1399,track_update,Updated 1 tracks from ASTERIX CAT-48,,2025-07-15T18:20:36.511735
756,CAT48_0133_1832,track_update,Updated 1 tracks from ASTERIX CAT-48,,2025-07-15T18:20:37.701718
757,CAT48_1804_1848,track_update,Updated 1 tracks from ASTERIX CAT-48,,2025-07-15T18:20:37.735155
758,CAT48_1746_2792,track_update,Updated 1 tracks from ASTERIX CAT-48,,2025-07-15T18:20:40.368328
759,CAT48_0905_3172,track_update,Updated 1 tracks from ASTERIX CAT-48,,2025-07-15T18:20:41.421339
760,CAT48_2046_3289,track_update,Updated 1 tracks from ASTERIX CAT-48,,2025-07-15T18:20:41.749490
761,CAT48_1677_3429,track_update,Updated 1 tracks from ASTERIX CAT-48,,2025-07-15T18:20:42.140422
762,CAT48_1291_0437,track_update,Updated 1 tracks from ASTERIX CAT-48,,2025-07-15T18:20:43.821601
763,CAT48_1764_0637,track_update,Updated 1 tracks from ASTERIX CAT-48,,2025-07-15T18:20:44.364584
764,CAT48_1632_0844,track_update,Updated 1 tracks from ASTERIX CAT-48,,2025-07-15T18:20:44.970128
765,CAT48_1771_1182,track_update,Updated 1 tracks from ASTERIX CAT-48,,2025-07-15T18:20:45.899395
766,CAT48_1910_1400,track_update,Updated 1 tracks from ASTERIX CAT-48,,2025-07-15T18:20:46.494651
767,CAT48_0129_1813,track_update,Updated 1 tracks from ASTERIX CAT-48,,2025-07-15T18:20:47.672913
768,CAT48_1796_1850,track_update,Updated 1 tracks from ASTERIX CAT-48,,2025-07-15T18:20:47.756556
769,CAT48_1760_2792,track_update,Updated 1 tracks from ASTERIX CAT-48,,2025-07-15T18:20:50.376950
770,CAT48_0904_3167,track_update,Updated 1 tracks from ASTERIX CAT-48,,2025-07-15T18:20:51.416973
771,CAT48_2055_3291,track_update,Updated 1 tracks from ASTERIX CAT-48,,2025-07-15T18:20:51.749342
772,CAT48_1671_3428,track_update,Updated 1 tracks from ASTERIX CAT-48,,2025-07-15T18:20:52.145023
773,CAT48_1281_0439,track_update,Updated 1 tracks from ASTERIX CAT-48,,2025-07-15T18:20:53.859411
774,CAT48_1767_0637,track_update,Updated 1 tracks from ASTERIX CAT-48,,2025-07-15T18:20:54.391413
775,CAT48_1623_0844,track_update,Updated 1 tracks from ASTERIX CAT-48,,2025-07-15T18:20:54.962588
776,CAT48_1786_1183,track_update,Updated 1 tracks from ASTERIX CAT-48,,2025-07-15T18:20:55.923245
777,CAT48_1920_1401,track_update,Updated 1 tracks from ASTERIX CAT-48,,2025-07-15T18:20:56.524869
778,CAT48_0126_1793,track_update,Updated 1 tracks from ASTERIX CAT-48,,2025-07-15T18:20:57.605108
779,CAT48_1788_1851,track_update,Updated 1 tracks from ASTERIX CAT-48,,2025-07-15T18:20:57.757069
780,CAT48_1774_2792,track_update,Updated 1 tracks from ASTERIX CAT-48,,2025-07-15T18:21:00.404873
781,CAT48_0903_3162,track_update,Updated 1 tracks from ASTERIX CAT-48,,2025-07-15T18:21:01.425825
782,CAT48_2064_3292,track_update,Updated 1 tracks from ASTERIX CAT-48,,2025-07-15T18:21:01.790085
783,CAT48_1666_3428,track_update,Updated 1 tracks from ASTERIX CAT-48,,2025-07-15T18:21:02.146013
784,CAT48_1271_0441,track_update,Updated 1 tracks from ASTERIX CAT-48,,2025-07-15T18:21:03.858796
785,CAT48_1770_0637,track_update,Updated 1 tracks from ASTERIX CAT-48,,2025-07-15T18:21:04.393180
786,CAT48_1615_0844,track_update,Updated 1 tracks from ASTERIX CAT-48,,2025-07-15T18:21:04.962305
787,CAT48_1801_1184,track_update,Updated 1 tracks from ASTERIX CAT-48,,2025-07-15T18:21:05.923803
788,CAT48_1931_1403,track_update,Updated 1 tracks from ASTERIX CAT-48,,2025-07-15T18:21:06.524873
789,CAT48_0123_1773,track_update,Updated 1 tracks from ASTERIX CAT-48,,2025-07-15T18:21:07.575087
790,CAT48_1780_1853,track_update,Updated 1 tracks from ASTERIX CAT-48,,2025-07-15T18:21:07.790508
791,CAT48_1788_2792,track_update,Updated 1 tracks from ASTERIX CAT-48,,2025-07-15T18:21:10.396135
792,CAT48_0903_3156,track_update,Updated 1 tracks from ASTERIX CAT-48,,2025-07-15T18:21:11.416404
793,CAT48_2074_3294,track_update,Updated 1 tracks from ASTERIX CAT-48,,2025-07-15T18:21:11.779505
794,CAT48_1660_3428,track_update,Updated 1 tracks from ASTERIX CAT-48,,2025-07-15T18:21:12.176936
795,CAT48_1261_0443,track_update,Updated 1 tracks from ASTERIX CAT-48,,2025-07-15T18:21:13.883493
796,CAT48_1772_0638,track_update,Updated 1 tracks from ASTERIX CAT-48,,2025-07-15T18:21:14.424063
797,CAT48_1607_0844,track_update,Updated 1 tracks from ASTERIX CAT-48,,2025-07-15T18:21:14.999152
798,CAT48_1816_1185,track_update,Updated 1 tracks from ASTERIX CAT-48,,2025-07-15T18:21:15.930198
799,CAT48_1941_1404,track_update,Updated 1 tracks from ASTERIX CAT-48,,2025-07-15T18:21:16.550430
800,CAT48_0120_1750,track_update,Updated 1 tracks from ASTERIX CAT-48,,2025-07-15T18:21:17.514085
801,CAT48_1773_1855,track_update,Updated 1 tracks from ASTERIX CAT-48,,2025-07-15T18:21:17.785570
802,CAT48_1802_2792,track_update,Updated 1 tracks from ASTERIX CAT-48,,2025-07-15T18:21:20.405466
803,CAT48_0903_3151,track_update,Updated 1 tracks from ASTERIX CAT-48,,2025-07-15T18:21:21.388991
804,CAT48_2083_3296,track_update,Updated 1 tracks from ASTERIX CAT-48,,2025-07-15T18:21:21.810596
805,CAT48_1655_3428,track_update,Updated 1 tracks from ASTERIX CAT-48,,2025-07-15T18:21:22.175239
806,CAT48_1251_0446,track_update,Updated 1 tracks from ASTERIX CAT-48,,2025-07-15T18:21:23.889235
807,CAT48_1775_0638,track_update,Updated 1 tracks from ASTERIX CAT-48,,2025-07-15T18:21:24.432063
808,CAT48_1598_0844,track_update,Updated 1 tracks from ASTERIX CAT-48,,2025-07-15T18:21:25.000865
809,CAT48_1831_1186,track_update,Updated 1 tracks from ASTERIX CAT-48,,2025-07-15T18:21:25.952515
810,CAT48_1952_1405,track_update,Updated 1 tracks from ASTERIX CAT-48,,2025-07-15T18:21:26.560681
811,CAT48_0117_1726,track_update,Updated 1 tracks from ASTERIX CAT-48,,2025-07-15T18:21:27.461491
812,CAT48_1765_1857,track_update,Updated 1 tracks from ASTERIX CAT-48,,2025-07-15T18:21:27.820439
813,CAT48_1816_2793,track_update,Updated 1 tracks from ASTERIX CAT-48,,2025-07-15T18:21:30.432594
814,CAT48_0902_3146,track_update,Updated 1 tracks from ASTERIX CAT-48,,2025-07-15T18:21:31.389809
815,CAT48_1649_3428,track_update,Updated 1 tracks from ASTERIX CAT-48,,2025-07-15T18:21:32.177374
816,CAT48_1241_0448,track_update,Updated 1 tracks from ASTERIX CAT-48,,2025-07-15T18:21:33.920092
817,CAT48_1778_0638,track_update,Updated 1 tracks from ASTERIX CAT-48,,2025-07-15T18:21:34.428844
818,CAT48_1590_0844,track_update,Updated 1 tracks from ASTERIX CAT-48,,2025-07-15T18:21:35.021683
819,CAT48_1846_1187,track_update,Updated 1 tracks from ASTERIX CAT-48,,2025-07-15T18:21:35.953929
820,CAT48_1962_1406,track_update,Updated 1 tracks from ASTERIX CAT-48,,2025-07-15T18:21:36.552642
821,CAT48_1757_1859,track_update,Updated 1 tracks from ASTERIX CAT-48,,2025-07-15T18:21:37.817711
822,CAT48_1830_2793,track_update,Updated 1 tracks from ASTERIX CAT-48,,2025-07-15T18:21:40.432961
823,CAT48_0902_3140,track_update,Updated 1 tracks from ASTERIX CAT-48,,2025-07-15T18:21:41.385973
824,CAT48_2102_3299,track_update,Updated 1 tracks from ASTERIX CAT-48,,2025-07-15T18:21:41.844346
825,CAT48_1644_3427,track_update,Updated 1 tracks from ASTERIX CAT-48,,2025-07-15T18:21:42.199718
826,CAT48_1231_0450,track_update,Updated 1 tracks from ASTERIX CAT-48,,2025-07-15T18:21:43.908611
827,CAT48_1780_0638,track_update,Updated 1 tracks from ASTERIX CAT-48,,2025-07-15T18:21:44.457623
828,CAT48_1582_0844,track_update,Updated 1 tracks from ASTERIX CAT-48,,2025-07-15T18:21:45.044816
829,CAT48_1861_1187,track_update,Updated 1 tracks from ASTERIX CAT-48,,2025-07-15T18:21:45.980160
830,CAT48_1973_1407,track_update,Updated 1 tracks from ASTERIX CAT-48,,2025-07-15T18:21:46.580978
831,CAT48_0111_1674,track_update,Updated 1 tracks from ASTERIX CAT-48,,2025-07-15T18:21:47.340375
832,CAT48_1749_1860,track_update,Updated 1 tracks from ASTERIX CAT-48,,2025-07-15T18:21:47.843969
833,CAT48_1844_2793,track_update,Updated 1 tracks from ASTERIX CAT-48,,2025-07-15T18:21:50.433161
834,CAT48_0902_3135,track_update,Updated 1 tracks from ASTERIX CAT-48,,2025-07-15T18:21:51.384902
835,CAT48_2111_3300,track_update,Updated 1 tracks from ASTERIX CAT-48,,2025-07-15T18:21:51.843087
836,CAT48_1638_3427,track_update,Updated 1 tracks from ASTERIX CAT-48,,2025-07-15T18:21:52.198424
837,CAT48_1221_0453,track_update,Updated 1 tracks from ASTERIX CAT-48,,2025-07-15T18:21:53.938514
838,CAT48_1783_0639,track_update,Updated 1 tracks from ASTERIX CAT-48,,2025-07-15T18:21:54.447974
839,CAT48_1573_0844,track_update,Updated 1 tracks from ASTERIX CAT-48,,2025-07-15T18:21:55.035796
840,CAT48_1876_1188,track_update,Updated 1 tracks from ASTERIX CAT-48,,2025-07-15T18:21:55.998465
841,CAT48_1983_1408,track_update,Updated 1 tracks from ASTERIX CAT-48,,2025-07-15T18:21:56.601315
842,CAT48_0109_1646,track_update,Updated 1 tracks from ASTERIX CAT-48,,2025-07-15T18:21:57.315800
843,CAT48_1741_1862,track_update,Updated 1 tracks from ASTERIX CAT-48,,2025-07-15T18:21:57.874411
844,CAT48_1857_2793,track_update,Updated 1 tracks from ASTERIX CAT-48,,2025-07-15T18:22:00.448114
845,CAT48_0902_3130,track_update,Updated 1 tracks from ASTERIX CAT-48,,2025-07-15T18:22:01.407680
846,CAT48_2121_3302,track_update,Updated 1 tracks from ASTERIX CAT-48,,2025-07-15T18:22:01.897875
847,CAT48_1633_3427,track_update,Updated 1 tracks from ASTERIX CAT-48,,2025-07-15T18:22:02.229090
848,CAT48_1211_0455,track_update,Updated 1 tracks from ASTERIX CAT-48,,2025-07-15T18:22:03.962958
849,CAT48_1786_0639,track_update,Updated 1 tracks from ASTERIX CAT-48,,2025-07-15T18:22:04.473487
850,CAT48_1565_0844,track_update,Updated 1 tracks from ASTERIX CAT-48,,2025-07-15T18:22:05.046150
851,CAT48_1892_1189,track_update,Updated 1 tracks from ASTERIX CAT-48,,2025-07-15T18:22:06.006381
852,CAT48_1993_1409,track_update,Updated 1 tracks from ASTERIX CAT-48,,2025-07-15T18:22:06.637033
853,CAT48_0107_1616,track_update,Updated 1 tracks from ASTERIX CAT-48,,2025-07-15T18:22:07.220424
854,CAT48_1733_1864,track_update,Updated 1 tracks from ASTERIX CAT-48,,2025-07-15T18:22:07.904296
855,CAT48_1871_2793,track_update,Updated 1 tracks from ASTERIX CAT-48,,2025-07-15T18:22:10.481054
856,CAT48_0902_3125,track_update,Updated 1 tracks from ASTERIX CAT-48,,2025-07-15T18:22:11.415292
857,CAT48_2130_3304,track_update,Updated 1 tracks from ASTERIX CAT-48,,2025-07-15T18:22:11.906663
858,CAT48_1202_0457,track_update,Updated 1 tracks from ASTERIX CAT-48,,2025-07-15T18:22:13.999920
859,CAT48_1788_0639,track_update,Updated 1 tracks from ASTERIX CAT-48,,2025-07-15T18:22:14.512641
860,CAT48_1557_0844,track_update,Updated 1 tracks from ASTERIX CAT-48,,2025-07-15T18:22:15.085907
861,CAT48_1907_1190,track_update,Updated 1 tracks from ASTERIX CAT-48,,2025-07-15T18:22:16.047932
862,CAT48_2004_1411,track_update,Updated 1 tracks from ASTERIX CAT-48,,2025-07-15T18:22:16.643495
863,CAT48_0105_1586,track_update,Updated 1 tracks from ASTERIX CAT-48,,2025-07-15T18:22:17.160470
864,CAT48_1725_1866,track_update,Updated 1 tracks from ASTERIX CAT-48,,2025-07-15T18:22:17.913000
865,CAT48_1885_2793,track_update,Updated 1 tracks from ASTERIX CAT-48,,2025-07-15T18:22:20.494439
866,CAT48_0902_3119,track_update,Updated 1 tracks from ASTERIX CAT-48,,2025-07-15T18:22:21.390019
867,CAT48_1622_3427,track_update,Updated 1 tracks from ASTERIX CAT-48,,2025-07-15T18:22:22.263794
868,CAT48_1192_0460,track_update,Updated 1 tracks from ASTERIX CAT-48,,2025-07-15T18:22:24.024591
869,CAT48_1548_0844,track_update,Updated 1 tracks from ASTERIX CAT-48,,2025-07-15T18:22:25.075976
870,CAT48_1922_1190,track_update,Updated 1 tracks from ASTERIX CAT-48,,2025-07-15T18:22:26.039899
871,CAT48_2014_1412,track_update,Updated 1 tracks from ASTERIX CAT-48,,2025-07-15T18:22:26.673443
872,CAT48_0104_1553,track_update,Updated 1 tracks from ASTERIX CAT-48,,2025-07-15T18:22:27.057757
873,CAT48_1718_1868,track_update,Updated 1 tracks from ASTERIX CAT-48,,2025-07-15T18:22:27.942819
874,CAT48_1899_2793,track_update,Updated 1 tracks from ASTERIX CAT-48,,2025-07-15T18:22:30.515556
875,CAT48_0902_3114,track_update,Updated 1 tracks from ASTERIX CAT-48,,2025-07-15T18:22:31.388024
876,CAT48_2149_3307,track_update,Updated 1 tracks from ASTERIX CAT-48,,2025-07-15T18:22:31.919882
877,CAT48_1616_3426,track_update,Updated 1 tracks from ASTERIX CAT-48,,2025-07-15T18:22:32.251929
878,CAT48_1182_0462,track_update,Updated 1 tracks from ASTERIX CAT-48,,2025-07-15T18:22:34.022878
879,CAT48_1794_0640,track_update,Updated 1 tracks from ASTERIX CAT-48,,2025-07-15T18:22:34.505087
880,CAT48_1540_0844,track_update,Updated 1 tracks from ASTERIX CAT-48,,2025-07-15T18:22:35.080302
881,CAT48_1937_1191,track_update,Updated 1 tracks from ASTERIX CAT-48,,2025-07-15T18:22:36.076817
882,CAT48_2025_1413,track_update,Updated 1 tracks from ASTERIX CAT-48,,2025-07-15T18:22:36.674390
883,CAT48_0102_1520,track_update,Updated 1 tracks from ASTERIX CAT-48,,2025-07-15T18:22:36.966972
884,CAT48_1710_1870,track_update,Updated 1 tracks from ASTERIX CAT-48,,2025-07-15T18:22:37.931602
885,CAT48_1913_2793,track_update,Updated 1 tracks from ASTERIX CAT-48,,2025-07-15T18:22:40.518303
886,CAT48_0903_3109,track_update,Updated 1 tracks from ASTERIX CAT-48,,2025-07-15T18:22:41.389566
887,CAT48_2158_3308,track_update,Updated 1 tracks from ASTERIX CAT-48,,2025-07-15T18:22:41.957287
888,CAT48_1611_3426,track_update,Updated 1 tracks from ASTERIX CAT-48,,2025-07-15T18:22:42.282003
889,CAT48_1172_0465,track_update,Updated 1 tracks from ASTERIX CAT-48,,2025-07-15T18:22:44.051432
890,CAT48_1796_0640,track_update,Updated 1 tracks from ASTERIX CAT-48,,2025-07-15T18:22:44.536053
891,CAT48_1532_0844,track_update,Updated 1 tracks from ASTERIX CAT-48,,2025-07-15T18:22:45.105652
892,CAT48_1952_1192,track_update,Updated 1 tracks from ASTERIX CAT-48,,2025-07-15T18:22:46.073139
893,CAT48_2035_1414,track_update,Updated 1 tracks from ASTERIX CAT-48,,2025-07-15T18:22:46.700334
894,CAT48_0101_1486,track_update,Updated 1 tracks from ASTERIX CAT-48,,2025-07-15T18:22:46.877175
895,CAT48_1702_1872,track_update,Updated 1 tracks from ASTERIX CAT-48,,2025-07-15T18:22:47.957681
896,CAT48_1927_2793,track_update,Updated 1 tracks from ASTERIX CAT-48,,2025-07-15T18:22:50.516139
897,CAT48_0903_3103,track_update,Updated 1 tracks from ASTERIX CAT-48,,2025-07-15T18:22:51.376394
898,CAT48_2168_3310,track_update,Updated 1 tracks from ASTERIX CAT-48,,2025-07-15T18:22:51.948687
899,CAT48_1605_3426,track_update,Updated 1 tracks from ASTERIX CAT-48,,2025-07-15T18:22:52.293747
900,CAT48_1162_0467,track_update,Updated 1 tracks from ASTERIX CAT-48,,2025-07-15T18:22:54.058963
901,CAT48_1799_0640,track_update,Updated 1 tracks from ASTERIX CAT-48,,2025-07-15T18:22:54.531773
902,CAT48_1523_0844,track_update,Updated 1 tracks from ASTERIX CAT-48,,2025-07-15T18:22:55.110915
903,CAT48_1967_1193,track_update,Updated 1 tracks from ASTERIX CAT-48,,2025-07-15T18:22:56.074274
904,CAT48_2046_1415,track_update,Updated 1 tracks from ASTERIX CAT-48,,2025-07-15T18:22:56.694769
905,CAT48_0101_1450,track_update,Updated 1 tracks from ASTERIX CAT-48,,2025-07-15T18:22:56.789995
906,CAT48_1694_1874,track_update,Updated 1 tracks from ASTERIX CAT-48,,2025-07-15T18:22:57.963884
907,CAT48_1941_2793,track_update,Updated 1 tracks from ASTERIX CAT-48,,2025-07-15T18:23:00.545828
908,CAT48_0903_3098,track_update,Updated 1 tracks from ASTERIX CAT-48,,2025-07-15T18:23:01.388553
909,CAT48_2177_3311,track_update,Updated 1 tracks from ASTERIX CAT-48,,2025-07-15T18:23:01.987721
910,CAT48_1600_3426,track_update,Updated 1 tracks from ASTERIX CAT-48,,2025-07-15T18:23:02.278105
911,CAT48_1153_0470,track_update,Updated 1 tracks from ASTERIX CAT-48,,2025-07-15T18:23:04.083321
912,CAT48_1802_0640,track_update,Updated 1 tracks from ASTERIX CAT-48,,2025-07-15T18:23:04.564285
913,CAT48_1515_0844,track_update,Updated 1 tracks from ASTERIX CAT-48,,2025-07-15T18:23:05.111228
914,CAT48_1982_1193,track_update,Updated 1 tracks from ASTERIX CAT-48,,2025-07-15T18:23:06.104455
915,CAT48_2056_1416,track_update,Updated 1 tracks from ASTERIX CAT-48,,2025-07-15T18:23:06.700577
916,CAT48_0100_1415,track_update,Updated 1 tracks from ASTERIX CAT-48,,2025-07-15T18:23:06.716222
917,CAT48_1687_1876,track_update,Updated 1 tracks from ASTERIX CAT-48,,2025-07-15T18:23:07.993871
918,CAT48_1955_2793,track_update,Updated 1 tracks from ASTERIX CAT-48,,2025-07-15T18:23:10.545686
919,CAT48_0904_3093,track_update,Updated 1 tracks from ASTERIX CAT-48,,2025-07-15T18:23:11.387521
920,CAT48_2187_3313,track_update,Updated 1 tracks from ASTERIX CAT-48,,2025-07-15T18:23:11.987744
921,CAT48_1594_3425,track_update,Updated 1 tracks from ASTERIX CAT-48,,2025-07-15T18:23:12.281648
922,CAT48_1143_0473,track_update,Updated 1 tracks from ASTERIX CAT-48,,2025-07-15T18:23:14.089668
923,CAT48_1805_0640,track_update,Updated 1 tracks from ASTERIX CAT-48,,2025-07-15T18:23:14.564403
924,CAT48_1507_0844,track_update,Updated 1 tracks from ASTERIX CAT-48,,2025-07-15T18:23:15.131220
925,CAT48_1997_1194,track_update,Updated 1 tracks from ASTERIX CAT-48,,2025-07-15T18:23:16.099352
926,CAT48_0100_1379,track_update,Updated 1 tracks from ASTERIX CAT-48,,2025-07-15T18:23:16.606628
927,CAT48_2067_1417,track_update,Updated 1 tracks from ASTERIX CAT-48,,2025-07-15T18:23:16.729573
928,CAT48_1679_1878,track_update,Updated 1 tracks from ASTERIX CAT-48,,2025-07-15T18:23:17.982677
929,CAT48_1968_2794,track_update,Updated 1 tracks from ASTERIX CAT-48,,2025-07-15T18:23:20.542633
930,CAT48_0905_3087,track_update,Updated 1 tracks from ASTERIX CAT-48,,2025-07-15T18:23:21.379429
931,CAT48_2197_3314,track_update,Updated 1 tracks from ASTERIX CAT-48,,2025-07-15T18:23:22.010877
932,CAT48_1589_3425,track_update,Updated 1 tracks from ASTERIX CAT-48,,2025-07-15T18:23:22.325438
933,CAT48_1133_0475,track_update,Updated 1 tracks from ASTERIX CAT-48,,2025-07-15T18:23:24.112324
934,CAT48_1807_0641,track_update,Updated 1 tracks from ASTERIX CAT-48,,2025-07-15T18:23:24.566136
935,CAT48_2012_1195,track_update,Updated 1 tracks from ASTERIX CAT-48,,2025-07-15T18:23:26.094964
936,CAT48_0100_1343,track_update,Updated 1 tracks from ASTERIX CAT-48,,2025-07-15T18:23:26.550137
937,CAT48_2077_1418,track_update,Updated 1 tracks from ASTERIX CAT-48,,2025-07-15T18:23:26.744974
938,CAT48_1671_1880,track_update,Updated 1 tracks from ASTERIX CAT-48,,2025-07-15T18:23:28.029819
939,CAT48_1982_2794,track_update,Updated 1 tracks from ASTERIX CAT-48,,2025-07-15T18:23:30.567038
940,CAT48_0905_3082,track_update,Updated 1 tracks from ASTERIX CAT-48,,2025-07-15T18:23:31.355666
941,CAT48_2206_3316,track_update,Updated 1 tracks from ASTERIX CAT-48,,2025-07-15T18:23:32.009653
942,CAT48_1583_3425,track_update,Updated 1 tracks from ASTERIX CAT-48,,2025-07-15T18:23:32.312771
943,CAT48_1123_0478,track_update,Updated 1 tracks from ASTERIX CAT-48,,2025-07-15T18:23:34.145573
944,CAT48_1810_0641,track_update,Updated 1 tracks from ASTERIX CAT-48,,2025-07-15T18:23:34.591006
945,CAT48_1490_0844,track_update,Updated 1 tracks from ASTERIX CAT-48,,2025-07-15T18:23:35.142485
